"LOCATION","INDICATOR","SUBJECT","MEASURE","FREQUENCY","TIME","Value","Flag Codes"
"IRL","GFCFSECTOR","CORP","PC_GFCF","A","1995",51.0960595074837,
"IRL","GFCFSECTOR","CORP","PC_GFCF","A","1996",50.7783498158736,
"IRL","GFCFSECTOR","CORP","PC_GFCF","A","1997",51.0987951953117,
"IRL","GFCFSECTOR","CORP","PC_GFCF","A","1998",51.7943218859921,
"IRL","GFCFSECTOR","CORP","PC_GFCF","A","1999",50.8401456570292,
"IRL","GFCFSECTOR","CORP","PC_GFCF","A","2000",47.5022519941085,
"IRL","GFCFSECTOR","CORP","PC_GFCF","A","2001",45.6547691822963,
"IRL","GFCFSECTOR","CORP","PC_GFCF","A","2002",44.9466125804292,
"IRL","GFCFSECTOR","CORP","PC_GFCF","A","2003",43.6083910978919,
"IRL","GFCFSECTOR","CORP","PC_GFCF","A","2004",42.5699446844187,
"IRL","GFCFSECTOR","CORP","PC_GFCF","A","2005",43.2057123022035,
"IRL","GFCFSECTOR","CORP","PC_GFCF","A","2006",42.4351069414333,
"IRL","GFCFSECTOR","CORP","PC_GFCF","A","2007",42.6948534874707,
"IRL","GFCFSECTOR","CORP","PC_GFCF","A","2008",41.9317647093981,
"IRL","GFCFSECTOR","CORP","PC_GFCF","A","2009",57.5300574922939,
"IRL","GFCFSECTOR","CORP","PC_GFCF","A","2010",61.7108896228221,
"IRL","GFCFSECTOR","CORP","PC_GFCF","A","2011",69.958945396101,
"IRL","GFCFSECTOR","CORP","PC_GFCF","A","2012",78.7734410211881,
"IRL","GFCFSECTOR","CORP","PC_GFCF","A","2013",77.6697695256832,
"IRL","GFCFSECTOR","CORP","PC_GFCF","A","2014",79.4987408134064,
"IRL","GFCFSECTOR","CORP","PC_GFCF","A","2015",85.729308663771,
"IRL","GFCFSECTOR","CORP","PC_GFCF","A","2016",89.1280160329191,
"IRL","GFCFSECTOR","CORP","PC_GFCF","A","2017",88.5797325163471,
"IRL","GFCFSECTOR","CORP","PC_GFCF","A","2018",85.1702970083495,
"IRL","GFCFSECTOR","CORP","PC_GFCF","A","2019",93.0093987940394,
"IRL","GFCFSECTOR","CORP","PC_GFCF","A","2020",91.3881138752216,
"IRL","GFCFSECTOR","CORP","PC_GFCF","A","2021",84.7271818284956,
"IRL","GFCFSECTOR","CORP","PC_GFCF","A","2022",82.1277576480357,
"CHL","GFCFSECTOR","CORP","PC_GFCF","A","2003",67.9023859135872,
"CHL","GFCFSECTOR","CORP","PC_GFCF","A","2004",64.8689766118785,
"CHL","GFCFSECTOR","CORP","PC_GFCF","A","2005",68.8909861733064,
"CHL","GFCFSECTOR","CORP","PC_GFCF","A","2006",66.8557904337924,
"CHL","GFCFSECTOR","CORP","PC_GFCF","A","2007",65.6824261123806,
"CHL","GFCFSECTOR","CORP","PC_GFCF","A","2008",68.7246085469046,
"CHL","GFCFSECTOR","CORP","PC_GFCF","A","2009",69.0839980235623,
"CHL","GFCFSECTOR","CORP","PC_GFCF","A","2010",71.6110008983589,
"CHL","GFCFSECTOR","CORP","PC_GFCF","A","2011",72.7297997318823,
"CHL","GFCFSECTOR","CORP","PC_GFCF","A","2012",74.424838822358,
"CHL","GFCFSECTOR","CORP","PC_GFCF","A","2013",75.2140536950678,
"CHL","GFCFSECTOR","CORP","PC_GFCF","A","2014",75.0857774632546,
"CHL","GFCFSECTOR","CORP","PC_GFCF","A","2015",73.2345047613886,
"CHL","GFCFSECTOR","CORP","PC_GFCF","A","2016",72.5895493715125,
"CHL","GFCFSECTOR","CORP","PC_GFCF","A","2017",73.0952244758624,
"CHL","GFCFSECTOR","CORP","PC_GFCF","A","2018",74.3733913290091,
"CHL","GFCFSECTOR","CORP","PC_GFCF","A","2019",74.8405060249809,
"CHL","GFCFSECTOR","CORP","PC_GFCF","A","2020",76.1920393627656,
"CHL","GFCFSECTOR","CORP","PC_GFCF","A","2021",76.7966023553984,
"CAN","GFCFSECTOR","CORP","PC_GFCF","A","1981",55.5869013259261,
"CAN","GFCFSECTOR","CORP","PC_GFCF","A","1982",55.6827650758501,
"CAN","GFCFSECTOR","CORP","PC_GFCF","A","1983",50.3268416596105,
"CAN","GFCFSECTOR","CORP","PC_GFCF","A","1984",49.0739249476566,
"CAN","GFCFSECTOR","CORP","PC_GFCF","A","1985",50.173849214781,
"CAN","GFCFSECTOR","CORP","PC_GFCF","A","1986",48.8901927156203,
"CAN","GFCFSECTOR","CORP","PC_GFCF","A","1987",48.2859418558343,
"CAN","GFCFSECTOR","CORP","PC_GFCF","A","1988",48.9137024348292,
"CAN","GFCFSECTOR","CORP","PC_GFCF","A","1989",48.0538766828357,
"CAN","GFCFSECTOR","CORP","PC_GFCF","A","1990",47.9172739076287,
"CAN","GFCFSECTOR","CORP","PC_GFCF","A","1991",48.4490700045709,
"CAN","GFCFSECTOR","CORP","PC_GFCF","A","1992",46.0038342512081,
"CAN","GFCFSECTOR","CORP","PC_GFCF","A","1993",46.8458513905232,
"CAN","GFCFSECTOR","CORP","PC_GFCF","A","1994",47.252876032735,
"CAN","GFCFSECTOR","CORP","PC_GFCF","A","1995",49.9954122427579,
"CAN","GFCFSECTOR","CORP","PC_GFCF","A","1996",51.6297995757759,
"CAN","GFCFSECTOR","CORP","PC_GFCF","A","1997",54.1990537802619,
"CAN","GFCFSECTOR","CORP","PC_GFCF","A","1998",56.7230650659246,
"CAN","GFCFSECTOR","CORP","PC_GFCF","A","1999",56.7503022083321,
"CAN","GFCFSECTOR","CORP","PC_GFCF","A","2000",55.6418689829828,
"CAN","GFCFSECTOR","CORP","PC_GFCF","A","2001",54.2398675014308,
"CAN","GFCFSECTOR","CORP","PC_GFCF","A","2002",49.646868368297,
"CAN","GFCFSECTOR","CORP","PC_GFCF","A","2003",48.124283165541,
"CAN","GFCFSECTOR","CORP","PC_GFCF","A","2004",48.2144842500906,
"CAN","GFCFSECTOR","CORP","PC_GFCF","A","2005",48.8234251936798,
"CAN","GFCFSECTOR","CORP","PC_GFCF","A","2006",49.6350301027171,
"CAN","GFCFSECTOR","CORP","PC_GFCF","A","2007",48.0035849107846,
"CAN","GFCFSECTOR","CORP","PC_GFCF","A","2008",48.954591389361,
"CAN","GFCFSECTOR","CORP","PC_GFCF","A","2009",43.5493856218101,
"CAN","GFCFSECTOR","CORP","PC_GFCF","A","2010",44.4111288775184,
"CAN","GFCFSECTOR","CORP","PC_GFCF","A","2011",47.2860838522049,
"CAN","GFCFSECTOR","CORP","PC_GFCF","A","2012",50.4411708847325,
"CAN","GFCFSECTOR","CORP","PC_GFCF","A","2013",50.6595291033925,
"CAN","GFCFSECTOR","CORP","PC_GFCF","A","2014",53.1964352512219,
"CAN","GFCFSECTOR","CORP","PC_GFCF","A","2015",48.4587093349511,
"CAN","GFCFSECTOR","CORP","PC_GFCF","A","2016",46.1481760908117,
"CAN","GFCFSECTOR","CORP","PC_GFCF","A","2017",45.4328214437879,
"CAN","GFCFSECTOR","CORP","PC_GFCF","A","2018",45.1934362073761,
"CAN","GFCFSECTOR","CORP","PC_GFCF","A","2019",48.2706804338421,
"CAN","GFCFSECTOR","CORP","PC_GFCF","A","2020",43.9360209953957,
"CAN","GFCFSECTOR","CORP","PC_GFCF","A","2021",44.2757872130674,
"CAN","GFCFSECTOR","CORP","PC_GFCF","A","2022",45.3834003781483,
"PRT","GFCFSECTOR","CORP","PC_GFCF","A","1995",45.1688283342358,
"PRT","GFCFSECTOR","CORP","PC_GFCF","A","1996",46.2126660853903,
"PRT","GFCFSECTOR","CORP","PC_GFCF","A","1997",46.2876479841824,
"PRT","GFCFSECTOR","CORP","PC_GFCF","A","1998",49.5843503456504,
"PRT","GFCFSECTOR","CORP","PC_GFCF","A","1999",49.3537891466977,
"PRT","GFCFSECTOR","CORP","PC_GFCF","A","2000",51.1921258426246,
"PRT","GFCFSECTOR","CORP","PC_GFCF","A","2001",49.7626727409017,
"PRT","GFCFSECTOR","CORP","PC_GFCF","A","2002",50.0665253135444,
"PRT","GFCFSECTOR","CORP","PC_GFCF","A","2003",51.7037823316008,
"PRT","GFCFSECTOR","CORP","PC_GFCF","A","2004",51.528211567443,
"PRT","GFCFSECTOR","CORP","PC_GFCF","A","2005",52.866635534911,
"PRT","GFCFSECTOR","CORP","PC_GFCF","A","2006",57.127059556295,
"PRT","GFCFSECTOR","CORP","PC_GFCF","A","2007",59.6470802468547,
"PRT","GFCFSECTOR","CORP","PC_GFCF","A","2008",60.4340713025169,
"PRT","GFCFSECTOR","CORP","PC_GFCF","A","2009",58.4035399022932,
"PRT","GFCFSECTOR","CORP","PC_GFCF","A","2010",52.2058179026808,
"PRT","GFCFSECTOR","CORP","PC_GFCF","A","2011",58.3240713794218,
"PRT","GFCFSECTOR","CORP","PC_GFCF","A","2012",60.768295813737,
"PRT","GFCFSECTOR","CORP","PC_GFCF","A","2013",63.8797732513039,
"PRT","GFCFSECTOR","CORP","PC_GFCF","A","2014",65.4522395207178,
"PRT","GFCFSECTOR","CORP","PC_GFCF","A","2015",65.0455803232283,
"PRT","GFCFSECTOR","CORP","PC_GFCF","A","2016",68.6326430271424,
"PRT","GFCFSECTOR","CORP","PC_GFCF","A","2017",68.5552543253742,
"PRT","GFCFSECTOR","CORP","PC_GFCF","A","2018",67.8962243505796,
"PRT","GFCFSECTOR","CORP","PC_GFCF","A","2019",68.3940940906152,
"PRT","GFCFSECTOR","CORP","PC_GFCF","A","2020",66.4115307578055,
"PRT","GFCFSECTOR","CORP","PC_GFCF","A","2021",65.2917907495146,
"PRT","GFCFSECTOR","CORP","PC_GFCF","A","2022",67.1738358797002,"E"
"POL","GFCFSECTOR","CORP","PC_GFCF","A","1995",60.9980531474117,
"POL","GFCFSECTOR","CORP","PC_GFCF","A","1996",63.6575401376147,
"POL","GFCFSECTOR","CORP","PC_GFCF","A","1997",64.7738967249833,
"POL","GFCFSECTOR","CORP","PC_GFCF","A","1998",67.4718872874762,
"POL","GFCFSECTOR","CORP","PC_GFCF","A","1999",69.4459906655819,
"POL","GFCFSECTOR","CORP","PC_GFCF","A","2000",66.8931644655968,
"POL","GFCFSECTOR","CORP","PC_GFCF","A","2001",63.4298555296828,
"POL","GFCFSECTOR","CORP","PC_GFCF","A","2002",58.6160308202686,
"POL","GFCFSECTOR","CORP","PC_GFCF","A","2003",56.9853993701689,
"POL","GFCFSECTOR","CORP","PC_GFCF","A","2004",56.4657944274907,
"POL","GFCFSECTOR","CORP","PC_GFCF","A","2005",54.7469555041386,
"POL","GFCFSECTOR","CORP","PC_GFCF","A","2006",55.4106444014701,
"POL","GFCFSECTOR","CORP","PC_GFCF","A","2007",55.5690916724143,
"POL","GFCFSECTOR","CORP","PC_GFCF","A","2008",54.3583062327886,
"POL","GFCFSECTOR","CORP","PC_GFCF","A","2009",51.6739743720472,
"POL","GFCFSECTOR","CORP","PC_GFCF","A","2010",44.0360843145642,
"POL","GFCFSECTOR","CORP","PC_GFCF","A","2011",45.7498665159082,
"POL","GFCFSECTOR","CORP","PC_GFCF","A","2012",47.9861436550859,
"POL","GFCFSECTOR","CORP","PC_GFCF","A","2013",51.6603507592023,
"POL","GFCFSECTOR","CORP","PC_GFCF","A","2014",51.5094587685341,
"POL","GFCFSECTOR","CORP","PC_GFCF","A","2015",53.9158422716542,
"POL","GFCFSECTOR","CORP","PC_GFCF","A","2016",56.3947424544756,
"POL","GFCFSECTOR","CORP","PC_GFCF","A","2017",54.0645972431927,
"POL","GFCFSECTOR","CORP","PC_GFCF","A","2018",56.1325478718998,
"POL","GFCFSECTOR","CORP","PC_GFCF","A","2019",58.2334679244934,
"POL","GFCFSECTOR","CORP","PC_GFCF","A","2020",57.5892919713144,
"POL","GFCFSECTOR","CORP","PC_GFCF","A","2021",53.0706176501173,
"POL","GFCFSECTOR","CORP","PC_GFCF","A","2022",54.5669486824394,
"AUS","GFCFSECTOR","CORP","PC_GFCF","A","1970",47.3365128122221,
"AUS","GFCFSECTOR","CORP","PC_GFCF","A","1971",46.8124813377128,
"AUS","GFCFSECTOR","CORP","PC_GFCF","A","1972",42.0976317061382,
"AUS","GFCFSECTOR","CORP","PC_GFCF","A","1973",40.6875290832946,
"AUS","GFCFSECTOR","CORP","PC_GFCF","A","1974",45.8301661418178,
"AUS","GFCFSECTOR","CORP","PC_GFCF","A","1975",42.932344593976,
"AUS","GFCFSECTOR","CORP","PC_GFCF","A","1976",43.0039908090458,
"AUS","GFCFSECTOR","CORP","PC_GFCF","A","1977",44.7542584354996,
"AUS","GFCFSECTOR","CORP","PC_GFCF","A","1978",47.0127820735364,
"AUS","GFCFSECTOR","CORP","PC_GFCF","A","1979",46.4583098908518,
"AUS","GFCFSECTOR","CORP","PC_GFCF","A","1980",48.7009985207101,
"AUS","GFCFSECTOR","CORP","PC_GFCF","A","1981",52.4844842485663,
"AUS","GFCFSECTOR","CORP","PC_GFCF","A","1982",55.5926743423015,
"AUS","GFCFSECTOR","CORP","PC_GFCF","A","1983",50.3531949312483,
"AUS","GFCFSECTOR","CORP","PC_GFCF","A","1984",48.6011567961775,
"AUS","GFCFSECTOR","CORP","PC_GFCF","A","1985",50.9420082553435,
"AUS","GFCFSECTOR","CORP","PC_GFCF","A","1986",52.3628544281642,
"AUS","GFCFSECTOR","CORP","PC_GFCF","A","1987",51.184108312063,
"AUS","GFCFSECTOR","CORP","PC_GFCF","A","1988",48.3853875921318,
"AUS","GFCFSECTOR","CORP","PC_GFCF","A","1989",49.5720998374158,
"AUS","GFCFSECTOR","CORP","PC_GFCF","A","1990",49.507541234234,
"AUS","GFCFSECTOR","CORP","PC_GFCF","A","1991",48.9391854847886,
"AUS","GFCFSECTOR","CORP","PC_GFCF","A","1992",48.7501198121346,
"AUS","GFCFSECTOR","CORP","PC_GFCF","A","1993",47.600693947632,
"AUS","GFCFSECTOR","CORP","PC_GFCF","A","1994",50.0618801935162,
"AUS","GFCFSECTOR","CORP","PC_GFCF","A","1995",52.6605030570147,
"AUS","GFCFSECTOR","CORP","PC_GFCF","A","1996",52.5092485333134,
"AUS","GFCFSECTOR","CORP","PC_GFCF","A","1997",52.2678520836987,
"AUS","GFCFSECTOR","CORP","PC_GFCF","A","1998",50.7177579333642,
"AUS","GFCFSECTOR","CORP","PC_GFCF","A","1999",47.9090306140259,
"AUS","GFCFSECTOR","CORP","PC_GFCF","A","2000",48.7154023772824,
"AUS","GFCFSECTOR","CORP","PC_GFCF","A","2001",47.5116987702688,
"AUS","GFCFSECTOR","CORP","PC_GFCF","A","2002",47.9470584861289,
"AUS","GFCFSECTOR","CORP","PC_GFCF","A","2003",47.0123244333194,
"AUS","GFCFSECTOR","CORP","PC_GFCF","A","2004",48.3112040996756,
"AUS","GFCFSECTOR","CORP","PC_GFCF","A","2005",51.1354472668625,
"AUS","GFCFSECTOR","CORP","PC_GFCF","A","2006",52.0050406705701,
"AUS","GFCFSECTOR","CORP","PC_GFCF","A","2007",54.1721129951652,
"AUS","GFCFSECTOR","CORP","PC_GFCF","A","2008",55.878120862425,
"AUS","GFCFSECTOR","CORP","PC_GFCF","A","2009",53.2173064595731,
"AUS","GFCFSECTOR","CORP","PC_GFCF","A","2010",54.2507192899755,
"AUS","GFCFSECTOR","CORP","PC_GFCF","A","2011",59.7837080837159,
"AUS","GFCFSECTOR","CORP","PC_GFCF","A","2012",61.7648295778465,
"AUS","GFCFSECTOR","CORP","PC_GFCF","A","2013",59.6201547862265,
"AUS","GFCFSECTOR","CORP","PC_GFCF","A","2014",54.8541522792083,
"AUS","GFCFSECTOR","CORP","PC_GFCF","A","2015",50.5475729264334,
"AUS","GFCFSECTOR","CORP","PC_GFCF","A","2016",46.4761173806343,
"AUS","GFCFSECTOR","CORP","PC_GFCF","A","2017",47.5844636690519,
"AUS","GFCFSECTOR","CORP","PC_GFCF","A","2018",48.3076956957398,
"AUS","GFCFSECTOR","CORP","PC_GFCF","A","2019",49.154376975129,
"AUS","GFCFSECTOR","CORP","PC_GFCF","A","2020",47.8965939552769,
"AUS","GFCFSECTOR","CORP","PC_GFCF","A","2021",47.0949063363431,
"FRA","GFCFSECTOR","CORP","PC_GFCF","A","1970",45.0159576116258,
"FRA","GFCFSECTOR","CORP","PC_GFCF","A","1971",45.0285147532854,
"FRA","GFCFSECTOR","CORP","PC_GFCF","A","1972",45.276296714907,
"FRA","GFCFSECTOR","CORP","PC_GFCF","A","1973",45.0729927007299,
"FRA","GFCFSECTOR","CORP","PC_GFCF","A","1974",44.5027481812199,
"FRA","GFCFSECTOR","CORP","PC_GFCF","A","1975",43.1805678275511,
"FRA","GFCFSECTOR","CORP","PC_GFCF","A","1976",43.8099850312583,
"FRA","GFCFSECTOR","CORP","PC_GFCF","A","1977",45.1437535498878,
"FRA","GFCFSECTOR","CORP","PC_GFCF","A","1978",44.6802061230676,
"FRA","GFCFSECTOR","CORP","PC_GFCF","A","1979",44.2406175139739,
"FRA","GFCFSECTOR","CORP","PC_GFCF","A","1980",45.1481075399378,
"FRA","GFCFSECTOR","CORP","PC_GFCF","A","1981",45.3652618030677,
"FRA","GFCFSECTOR","CORP","PC_GFCF","A","1982",46.2639669931138,
"FRA","GFCFSECTOR","CORP","PC_GFCF","A","1983",46.4502161469098,
"FRA","GFCFSECTOR","CORP","PC_GFCF","A","1984",46.8357709321325,
"FRA","GFCFSECTOR","CORP","PC_GFCF","A","1985",48.0203880712336,
"FRA","GFCFSECTOR","CORP","PC_GFCF","A","1986",48.9532005459551,
"FRA","GFCFSECTOR","CORP","PC_GFCF","A","1987",49.3131207303905,
"FRA","GFCFSECTOR","CORP","PC_GFCF","A","1988",49.6831965137281,
"FRA","GFCFSECTOR","CORP","PC_GFCF","A","1989",50.0363664701146,
"FRA","GFCFSECTOR","CORP","PC_GFCF","A","1990",51.4717045468384,
"FRA","GFCFSECTOR","CORP","PC_GFCF","A","1991",52.6292285804616,
"FRA","GFCFSECTOR","CORP","PC_GFCF","A","1992",52.4061794243429,
"FRA","GFCFSECTOR","CORP","PC_GFCF","A","1993",51.3017408696314,
"FRA","GFCFSECTOR","CORP","PC_GFCF","A","1994",50.4390551599356,
"FRA","GFCFSECTOR","CORP","PC_GFCF","A","1995",51.3694093016789,
"FRA","GFCFSECTOR","CORP","PC_GFCF","A","1996",52.0307517862815,
"FRA","GFCFSECTOR","CORP","PC_GFCF","A","1997",52.2037552210888,
"FRA","GFCFSECTOR","CORP","PC_GFCF","A","1998",53.3660172017752,
"FRA","GFCFSECTOR","CORP","PC_GFCF","A","1999",53.8996631656937,
"FRA","GFCFSECTOR","CORP","PC_GFCF","A","2000",55.1246746388019,
"FRA","GFCFSECTOR","CORP","PC_GFCF","A","2001",55.708496641172,
"FRA","GFCFSECTOR","CORP","PC_GFCF","A","2002",54.3152471866885,
"FRA","GFCFSECTOR","CORP","PC_GFCF","A","2003",53.0101338744286,
"FRA","GFCFSECTOR","CORP","PC_GFCF","A","2004",52.4909560865469,
"FRA","GFCFSECTOR","CORP","PC_GFCF","A","2005",52.1656335569284,
"FRA","GFCFSECTOR","CORP","PC_GFCF","A","2006",52.4721454342131,
"FRA","GFCFSECTOR","CORP","PC_GFCF","A","2007",53.3543379867973,
"FRA","GFCFSECTOR","CORP","PC_GFCF","A","2008",54.3470538561185,
"FRA","GFCFSECTOR","CORP","PC_GFCF","A","2009",53.0122624730881,
"FRA","GFCFSECTOR","CORP","PC_GFCF","A","2010",53.5698658027012,
"FRA","GFCFSECTOR","CORP","PC_GFCF","A","2011",54.9702534415447,
"FRA","GFCFSECTOR","CORP","PC_GFCF","A","2012",55.2058596564529,
"FRA","GFCFSECTOR","CORP","PC_GFCF","A","2013",55.2643421018797,
"FRA","GFCFSECTOR","CORP","PC_GFCF","A","2014",56.7092968471858,
"FRA","GFCFSECTOR","CORP","PC_GFCF","A","2015",58.2771074395902,
"FRA","GFCFSECTOR","CORP","PC_GFCF","A","2016",58.7418082735924,
"FRA","GFCFSECTOR","CORP","PC_GFCF","A","2017",59.0080188241122,
"FRA","GFCFSECTOR","CORP","PC_GFCF","A","2018",59.2041373472107,
"FRA","GFCFSECTOR","CORP","PC_GFCF","A","2019",58.6875953401492,
"FRA","GFCFSECTOR","CORP","PC_GFCF","A","2020",58.6017050478537,
"FRA","GFCFSECTOR","CORP","PC_GFCF","A","2021",58.3360285397861,"E"
"FRA","GFCFSECTOR","CORP","PC_GFCF","A","2022",58.6706406194314,"E"
"CHE","GFCFSECTOR","CORP","PC_GFCF","A","1995",62.5772442183494,
"CHE","GFCFSECTOR","CORP","PC_GFCF","A","1996",64.0123512926853,
"CHE","GFCFSECTOR","CORP","PC_GFCF","A","1997",64.9940515985178,
"CHE","GFCFSECTOR","CORP","PC_GFCF","A","1998",66.4205014426757,
"CHE","GFCFSECTOR","CORP","PC_GFCF","A","1999",67.4882555490578,
"CHE","GFCFSECTOR","CORP","PC_GFCF","A","2000",69.3105619248079,
"CHE","GFCFSECTOR","CORP","PC_GFCF","A","2001",69.8827095865227,
"CHE","GFCFSECTOR","CORP","PC_GFCF","A","2002",70.6872305231344,
"CHE","GFCFSECTOR","CORP","PC_GFCF","A","2003",69.0180714680457,
"CHE","GFCFSECTOR","CORP","PC_GFCF","A","2004",69.298070989845,
"CHE","GFCFSECTOR","CORP","PC_GFCF","A","2005",69.7429193805986,
"CHE","GFCFSECTOR","CORP","PC_GFCF","A","2006",71.0995483591243,
"CHE","GFCFSECTOR","CORP","PC_GFCF","A","2007",72.0347532913325,
"CHE","GFCFSECTOR","CORP","PC_GFCF","A","2008",71.862671387606,
"CHE","GFCFSECTOR","CORP","PC_GFCF","A","2009",69.842266572068,
"CHE","GFCFSECTOR","CORP","PC_GFCF","A","2010",69.8165098252435,
"CHE","GFCFSECTOR","CORP","PC_GFCF","A","2011",71.0873787931796,
"CHE","GFCFSECTOR","CORP","PC_GFCF","A","2012",72.4406049758794,
"CHE","GFCFSECTOR","CORP","PC_GFCF","A","2013",72.2982554079739,
"CHE","GFCFSECTOR","CORP","PC_GFCF","A","2014",72.5610613767697,
"CHE","GFCFSECTOR","CORP","PC_GFCF","A","2015",72.4063986176704,
"CHE","GFCFSECTOR","CORP","PC_GFCF","A","2016",73.1113707455331,
"CHE","GFCFSECTOR","CORP","PC_GFCF","A","2017",73.7235431865975,
"CHE","GFCFSECTOR","CORP","PC_GFCF","A","2018",73.6870178993189,
"CHE","GFCFSECTOR","CORP","PC_GFCF","A","2019",73.9996941631344,
"CHE","GFCFSECTOR","CORP","PC_GFCF","A","2020",73.5566286433414,
"CHE","GFCFSECTOR","CORP","PC_GFCF","A","2021",74.5435986365712,"E"
"CHE","GFCFSECTOR","CORP","PC_GFCF","A","2022",75.0668023832983,"E"
"NLD","GFCFSECTOR","CORP","PC_GFCF","A","1995",52.7242939163719,
"NLD","GFCFSECTOR","CORP","PC_GFCF","A","1996",52.6069410815174,
"NLD","GFCFSECTOR","CORP","PC_GFCF","A","1997",51.6015747047429,
"NLD","GFCFSECTOR","CORP","PC_GFCF","A","1998",53.3330237525831,
"NLD","GFCFSECTOR","CORP","PC_GFCF","A","1999",52.8243004265058,
"NLD","GFCFSECTOR","CORP","PC_GFCF","A","2000",53.2074693685203,
"NLD","GFCFSECTOR","CORP","PC_GFCF","A","2001",51.5884767491987,
"NLD","GFCFSECTOR","CORP","PC_GFCF","A","2002",48.4293515810595,
"NLD","GFCFSECTOR","CORP","PC_GFCF","A","2003",46.1414669241546,
"NLD","GFCFSECTOR","CORP","PC_GFCF","A","2004",45.9172842724666,
"NLD","GFCFSECTOR","CORP","PC_GFCF","A","2005",45.7102459672399,
"NLD","GFCFSECTOR","CORP","PC_GFCF","A","2006",46.1209489893816,
"NLD","GFCFSECTOR","CORP","PC_GFCF","A","2007",50.3009166169761,
"NLD","GFCFSECTOR","CORP","PC_GFCF","A","2008",48.0603041756031,
"NLD","GFCFSECTOR","CORP","PC_GFCF","A","2009",48.2933717925605,
"NLD","GFCFSECTOR","CORP","PC_GFCF","A","2010",51.8975678724047,
"NLD","GFCFSECTOR","CORP","PC_GFCF","A","2011",54.4832588859619,
"NLD","GFCFSECTOR","CORP","PC_GFCF","A","2012",55.4654912044406,
"NLD","GFCFSECTOR","CORP","PC_GFCF","A","2013",57.9822991331029,
"NLD","GFCFSECTOR","CORP","PC_GFCF","A","2014",54.9696118099172,
"NLD","GFCFSECTOR","CORP","PC_GFCF","A","2015",61.7197590029699,
"NLD","GFCFSECTOR","CORP","PC_GFCF","A","2016",54.0709370037057,
"NLD","GFCFSECTOR","CORP","PC_GFCF","A","2017",54.7057240869039,
"NLD","GFCFSECTOR","CORP","PC_GFCF","A","2018",53.5532882543819,
"NLD","GFCFSECTOR","CORP","PC_GFCF","A","2019",53.6063145224758,
"NLD","GFCFSECTOR","CORP","PC_GFCF","A","2020",51.5176046768476,
"NLD","GFCFSECTOR","CORP","PC_GFCF","A","2021",51.3071771372794,
"NLD","GFCFSECTOR","CORP","PC_GFCF","A","2022",51.6971200992655,"E"
"RUS","GFCFSECTOR","CORP","PC_GFCF","A","2011",65.4812712798118,
"RUS","GFCFSECTOR","CORP","PC_GFCF","A","2012",65.3778460073866,
"RUS","GFCFSECTOR","CORP","PC_GFCF","A","2013",65.2856635443557,
"RUS","GFCFSECTOR","CORP","PC_GFCF","A","2014",62.1992279486772,
"RUS","GFCFSECTOR","CORP","PC_GFCF","A","2015",62.6451279178164,
"RUS","GFCFSECTOR","CORP","PC_GFCF","A","2016",64.5848149907601,
"RUS","GFCFSECTOR","CORP","PC_GFCF","A","2017",69.8362208672118,
"RUS","GFCFSECTOR","CORP","PC_GFCF","A","2018",70.8338467183741,
"RUS","GFCFSECTOR","CORP","PC_GFCF","A","2019",67.2943787457287,
"HUN","GFCFSECTOR","CORP","PC_GFCF","A","1995",62.229284378376,
"HUN","GFCFSECTOR","CORP","PC_GFCF","A","1996",61.9473882562063,
"HUN","GFCFSECTOR","CORP","PC_GFCF","A","1997",61.6774263284924,
"HUN","GFCFSECTOR","CORP","PC_GFCF","A","1998",65.7123358884813,
"HUN","GFCFSECTOR","CORP","PC_GFCF","A","1999",68.2117088412441,
"HUN","GFCFSECTOR","CORP","PC_GFCF","A","2000",65.2728377135182,
"HUN","GFCFSECTOR","CORP","PC_GFCF","A","2001",60.5112433024253,
"HUN","GFCFSECTOR","CORP","PC_GFCF","A","2002",54.7936535492574,
"HUN","GFCFSECTOR","CORP","PC_GFCF","A","2003",57.7445735147693,
"HUN","GFCFSECTOR","CORP","PC_GFCF","A","2004",57.7030080440059,
"HUN","GFCFSECTOR","CORP","PC_GFCF","A","2005",59.7846829935515,
"HUN","GFCFSECTOR","CORP","PC_GFCF","A","2006",58.6955351023206,
"HUN","GFCFSECTOR","CORP","PC_GFCF","A","2007",61.0353674804917,
"HUN","GFCFSECTOR","CORP","PC_GFCF","A","2008",64.1667540446852,
"HUN","GFCFSECTOR","CORP","PC_GFCF","A","2009",62.3398936713271,
"HUN","GFCFSECTOR","CORP","PC_GFCF","A","2010",62.1921607799699,
"HUN","GFCFSECTOR","CORP","PC_GFCF","A","2011",67.3635790847718,
"HUN","GFCFSECTOR","CORP","PC_GFCF","A","2012",65.6864226429814,
"HUN","GFCFSECTOR","CORP","PC_GFCF","A","2013",65.0630304355334,
"HUN","GFCFSECTOR","CORP","PC_GFCF","A","2014",62.3707784200914,
"HUN","GFCFSECTOR","CORP","PC_GFCF","A","2015",56.2950560846998,
"HUN","GFCFSECTOR","CORP","PC_GFCF","A","2016",66.7424485203342,
"HUN","GFCFSECTOR","CORP","PC_GFCF","A","2017",62.6276832699609,
"HUN","GFCFSECTOR","CORP","PC_GFCF","A","2018",59.6850771626656,
"HUN","GFCFSECTOR","CORP","PC_GFCF","A","2019",60.7514719783652,
"HUN","GFCFSECTOR","CORP","PC_GFCF","A","2020",56.0067868607833,
"HUN","GFCFSECTOR","CORP","PC_GFCF","A","2021",59.0052572104092,
"HUN","GFCFSECTOR","CORP","PC_GFCF","A","2022",60.6617166332004,"E"
"ITA","GFCFSECTOR","CORP","PC_GFCF","A","1995",51.463423042449,
"ITA","GFCFSECTOR","CORP","PC_GFCF","A","1996",51.5130385236238,
"ITA","GFCFSECTOR","CORP","PC_GFCF","A","1997",51.862243423576,
"ITA","GFCFSECTOR","CORP","PC_GFCF","A","1998",52.684827006653,
"ITA","GFCFSECTOR","CORP","PC_GFCF","A","1999",52.9787094705853,
"ITA","GFCFSECTOR","CORP","PC_GFCF","A","2000",53.4771749925012,
"ITA","GFCFSECTOR","CORP","PC_GFCF","A","2001",53.0042249023151,
"ITA","GFCFSECTOR","CORP","PC_GFCF","A","2002",55.0505232592806,
"ITA","GFCFSECTOR","CORP","PC_GFCF","A","2003",51.2728295642127,
"ITA","GFCFSECTOR","CORP","PC_GFCF","A","2004",51.3904015555103,
"ITA","GFCFSECTOR","CORP","PC_GFCF","A","2005",50.1323023887416,
"ITA","GFCFSECTOR","CORP","PC_GFCF","A","2006",50.0582555100998,
"ITA","GFCFSECTOR","CORP","PC_GFCF","A","2007",50.0978748842498,
"ITA","GFCFSECTOR","CORP","PC_GFCF","A","2008",50.2014390429873,
"ITA","GFCFSECTOR","CORP","PC_GFCF","A","2009",46.82253117411,
"ITA","GFCFSECTOR","CORP","PC_GFCF","A","2010",49.2911430539086,
"ITA","GFCFSECTOR","CORP","PC_GFCF","A","2011",51.1051780492848,
"ITA","GFCFSECTOR","CORP","PC_GFCF","A","2012",51.6172570180441,
"ITA","GFCFSECTOR","CORP","PC_GFCF","A","2013",51.9284441548406,
"ITA","GFCFSECTOR","CORP","PC_GFCF","A","2014",54.3344816499012,
"ITA","GFCFSECTOR","CORP","PC_GFCF","A","2015",55.401953541762,
"ITA","GFCFSECTOR","CORP","PC_GFCF","A","2016",56.5143629360867,
"ITA","GFCFSECTOR","CORP","PC_GFCF","A","2017",57.7166576791704,
"ITA","GFCFSECTOR","CORP","PC_GFCF","A","2018",58.9030474979984,
"ITA","GFCFSECTOR","CORP","PC_GFCF","A","2019",58.9369418762303,
"ITA","GFCFSECTOR","CORP","PC_GFCF","A","2020",57.3790613815163,
"ITA","GFCFSECTOR","CORP","PC_GFCF","A","2021",52.0382422142586,
"ITA","GFCFSECTOR","CORP","PC_GFCF","A","2022",53.0356632779685,
"ZAF","GFCFSECTOR","CORP","PC_GFCF","A","1995",59.9444661019626,
"ZAF","GFCFSECTOR","CORP","PC_GFCF","A","1996",59.9668210336363,
"ZAF","GFCFSECTOR","CORP","PC_GFCF","A","1997",60.2804994683588,
"ZAF","GFCFSECTOR","CORP","PC_GFCF","A","1998",62.5579246672876,
"ZAF","GFCFSECTOR","CORP","PC_GFCF","A","1999",63.1440557204984,
"ZAF","GFCFSECTOR","CORP","PC_GFCF","A","2000",61.7256776614677,
"ZAF","GFCFSECTOR","CORP","PC_GFCF","A","2001",61.9325694125229,
"ZAF","GFCFSECTOR","CORP","PC_GFCF","A","2002",61.3827392108279,
"ZAF","GFCFSECTOR","CORP","PC_GFCF","A","2003",60.9119451135125,
"ZAF","GFCFSECTOR","CORP","PC_GFCF","A","2004",58.8691722888961,
"ZAF","GFCFSECTOR","CORP","PC_GFCF","A","2005",58.5505553462732,
"ZAF","GFCFSECTOR","CORP","PC_GFCF","A","2006",58.5980420264313,
"ZAF","GFCFSECTOR","CORP","PC_GFCF","A","2007",59.5370579070003,
"ZAF","GFCFSECTOR","CORP","PC_GFCF","A","2008",62.6473695204898,
"ZAF","GFCFSECTOR","CORP","PC_GFCF","A","2009",61.8419152946272,
"ZAF","GFCFSECTOR","CORP","PC_GFCF","A","2010",65.446096001,
"ZAF","GFCFSECTOR","CORP","PC_GFCF","A","2011",65.2901208113891,
"ZAF","GFCFSECTOR","CORP","PC_GFCF","A","2012",66.8589365225248,
"ZAF","GFCFSECTOR","CORP","PC_GFCF","A","2013",67.5122954816297,
"ZAF","GFCFSECTOR","CORP","PC_GFCF","A","2014",65.9678948199898,
"ZAF","GFCFSECTOR","CORP","PC_GFCF","A","2015",64.3133105264127,
"ZAF","GFCFSECTOR","CORP","PC_GFCF","A","2016",63.7889214259202,
"ZAF","GFCFSECTOR","CORP","PC_GFCF","A","2017",63.9897953134223,
"ZAF","GFCFSECTOR","CORP","PC_GFCF","A","2018",64.5829308832642,
"ZAF","GFCFSECTOR","CORP","PC_GFCF","A","2019",65.6684149452432,
"ZAF","GFCFSECTOR","CORP","PC_GFCF","A","2020",66.4997509166321,
"ZAF","GFCFSECTOR","CORP","PC_GFCF","A","2021",63.6409379191527,
"ZAF","GFCFSECTOR","CORP","PC_GFCF","A","2022",64.4496926452038,
"CZE","GFCFSECTOR","CORP","PC_GFCF","A","1995",68.7720143858218,
"CZE","GFCFSECTOR","CORP","PC_GFCF","A","1996",70.7929839269241,
"CZE","GFCFSECTOR","CORP","PC_GFCF","A","1997",70.1765173816459,
"CZE","GFCFSECTOR","CORP","PC_GFCF","A","1998",68.291206590424,
"CZE","GFCFSECTOR","CORP","PC_GFCF","A","1999",67.4033483563057,
"CZE","GFCFSECTOR","CORP","PC_GFCF","A","2000",65.0177737056631,
"CZE","GFCFSECTOR","CORP","PC_GFCF","A","2001",67.9772466105476,
"CZE","GFCFSECTOR","CORP","PC_GFCF","A","2002",65.6479535025391,
"CZE","GFCFSECTOR","CORP","PC_GFCF","A","2003",53.126272838795,
"CZE","GFCFSECTOR","CORP","PC_GFCF","A","2004",62.2108938374063,
"CZE","GFCFSECTOR","CORP","PC_GFCF","A","2005",61.0655330413987,
"CZE","GFCFSECTOR","CORP","PC_GFCF","A","2006",60.714836908414,
"CZE","GFCFSECTOR","CORP","PC_GFCF","A","2007",63.0550263441945,
"CZE","GFCFSECTOR","CORP","PC_GFCF","A","2008",62.2513683199264,
"CZE","GFCFSECTOR","CORP","PC_GFCF","A","2009",56.32320431364,
"CZE","GFCFSECTOR","CORP","PC_GFCF","A","2010",58.2625549230317,
"CZE","GFCFSECTOR","CORP","PC_GFCF","A","2011",62.9067532517718,
"CZE","GFCFSECTOR","CORP","PC_GFCF","A","2012",65.4324104462958,
"CZE","GFCFSECTOR","CORP","PC_GFCF","A","2013",66.1579155768257,
"CZE","GFCFSECTOR","CORP","PC_GFCF","A","2014",64.5975206117491,
"CZE","GFCFSECTOR","CORP","PC_GFCF","A","2015",62.8837826938822,
"CZE","GFCFSECTOR","CORP","PC_GFCF","A","2016",67.3584812619153,
"CZE","GFCFSECTOR","CORP","PC_GFCF","A","2017",69.6478030983024,
"CZE","GFCFSECTOR","CORP","PC_GFCF","A","2018",65.7206765311056,
"CZE","GFCFSECTOR","CORP","PC_GFCF","A","2019",65.0599442977963,
"CZE","GFCFSECTOR","CORP","PC_GFCF","A","2020",61.9938810802394,
"CZE","GFCFSECTOR","CORP","PC_GFCF","A","2021",62.022002036806,
"CZE","GFCFSECTOR","CORP","PC_GFCF","A","2022",65.5439649048865,
"FIN","GFCFSECTOR","CORP","PC_GFCF","A","1975",57.762938230384,
"FIN","GFCFSECTOR","CORP","PC_GFCF","A","1976",56.3904840032814,
"FIN","GFCFSECTOR","CORP","PC_GFCF","A","1977",54.0891058895331,
"FIN","GFCFSECTOR","CORP","PC_GFCF","A","1978",49.4991524117738,
"FIN","GFCFSECTOR","CORP","PC_GFCF","A","1979",50.1702301511644,
"FIN","GFCFSECTOR","CORP","PC_GFCF","A","1980",50.3425774877651,
"FIN","GFCFSECTOR","CORP","PC_GFCF","A","1981",52.6489104116223,
"FIN","GFCFSECTOR","CORP","PC_GFCF","A","1982",51.3677034512143,
"FIN","GFCFSECTOR","CORP","PC_GFCF","A","1983",52.2151898734177,
"FIN","GFCFSECTOR","CORP","PC_GFCF","A","1984",52.6861853325753,
"FIN","GFCFSECTOR","CORP","PC_GFCF","A","1985",54.1419737181139,
"FIN","GFCFSECTOR","CORP","PC_GFCF","A","1986",55.999755859375,
"FIN","GFCFSECTOR","CORP","PC_GFCF","A","1987",56.8685538731622,
"FIN","GFCFSECTOR","CORP","PC_GFCF","A","1988",56.3656550703183,
"FIN","GFCFSECTOR","CORP","PC_GFCF","A","1989",59.1442505524651,
"FIN","GFCFSECTOR","CORP","PC_GFCF","A","1990",57.8789450288932,
"FIN","GFCFSECTOR","CORP","PC_GFCF","A","1991",55.2501667778519,
"FIN","GFCFSECTOR","CORP","PC_GFCF","A","1992",54.0861812778603,
"FIN","GFCFSECTOR","CORP","PC_GFCF","A","1993",53.7683543532566,
"FIN","GFCFSECTOR","CORP","PC_GFCF","A","1994",51.4030838305666,
"FIN","GFCFSECTOR","CORP","PC_GFCF","A","1995",55.2450128954155,
"FIN","GFCFSECTOR","CORP","PC_GFCF","A","1996",56.9469660774009,
"FIN","GFCFSECTOR","CORP","PC_GFCF","A","1997",54.6768060836502,
"FIN","GFCFSECTOR","CORP","PC_GFCF","A","1998",55.3836379265239,
"FIN","GFCFSECTOR","CORP","PC_GFCF","A","1999",54.2250307179217,
"FIN","GFCFSECTOR","CORP","PC_GFCF","A","2000",56.8308963763509,
"FIN","GFCFSECTOR","CORP","PC_GFCF","A","2001",59.9413613831459,
"FIN","GFCFSECTOR","CORP","PC_GFCF","A","2002",56.6810076069335,
"FIN","GFCFSECTOR","CORP","PC_GFCF","A","2003",54.174733785092,
"FIN","GFCFSECTOR","CORP","PC_GFCF","A","2004",52.8045053203532,
"FIN","GFCFSECTOR","CORP","PC_GFCF","A","2005",53.7212198288424,
"FIN","GFCFSECTOR","CORP","PC_GFCF","A","2006",53.8060877077087,
"FIN","GFCFSECTOR","CORP","PC_GFCF","A","2007",56.0192651834832,
"FIN","GFCFSECTOR","CORP","PC_GFCF","A","2008",58.6743164575584,
"FIN","GFCFSECTOR","CORP","PC_GFCF","A","2009",56.6898370086289,
"FIN","GFCFSECTOR","CORP","PC_GFCF","A","2010",53.226536985387,
"FIN","GFCFSECTOR","CORP","PC_GFCF","A","2011",52.1795444394819,
"FIN","GFCFSECTOR","CORP","PC_GFCF","A","2012",51.8331716779825,
"FIN","GFCFSECTOR","CORP","PC_GFCF","A","2013",50.2790935574977,
"FIN","GFCFSECTOR","CORP","PC_GFCF","A","2014",50.6381541924592,
"FIN","GFCFSECTOR","CORP","PC_GFCF","A","2015",53.4304877777035,
"FIN","GFCFSECTOR","CORP","PC_GFCF","A","2016",52.267857864737,
"FIN","GFCFSECTOR","CORP","PC_GFCF","A","2017",52.9930543727171,
"FIN","GFCFSECTOR","CORP","PC_GFCF","A","2018",52.5442123616696,
"FIN","GFCFSECTOR","CORP","PC_GFCF","A","2019",52.0499046352517,
"FIN","GFCFSECTOR","CORP","PC_GFCF","A","2020",50.8937463961839,
"FIN","GFCFSECTOR","CORP","PC_GFCF","A","2021",52.9596647459403,
"FIN","GFCFSECTOR","CORP","PC_GFCF","A","2022",53.9603275817034,
"MEX","GFCFSECTOR","CORP","PC_GFCF","A","2003",54.9391976332184,
"MEX","GFCFSECTOR","CORP","PC_GFCF","A","2004",55.5379792128326,
"MEX","GFCFSECTOR","CORP","PC_GFCF","A","2005",51.5256579479903,
"MEX","GFCFSECTOR","CORP","PC_GFCF","A","2006",53.536324202326,
"MEX","GFCFSECTOR","CORP","PC_GFCF","A","2007",54.5768495778666,
"MEX","GFCFSECTOR","CORP","PC_GFCF","A","2008",50.3564505064095,
"MEX","GFCFSECTOR","CORP","PC_GFCF","A","2009",49.4492410846989,
"MEX","GFCFSECTOR","CORP","PC_GFCF","A","2010",47.1403549887414,
"MEX","GFCFSECTOR","CORP","PC_GFCF","A","2011",50.2011687198123,
"MEX","GFCFSECTOR","CORP","PC_GFCF","A","2012",54.495685468236,
"MEX","GFCFSECTOR","CORP","PC_GFCF","A","2013",53.1028317757724,
"MEX","GFCFSECTOR","CORP","PC_GFCF","A","2014",52.7666215754377,
"MEX","GFCFSECTOR","CORP","PC_GFCF","A","2015",59.4521709248969,
"MEX","GFCFSECTOR","CORP","PC_GFCF","A","2016",59.4295598090319,
"MEX","GFCFSECTOR","CORP","PC_GFCF","A","2017",60.806666733232,
"MEX","GFCFSECTOR","CORP","PC_GFCF","A","2018",63.0605724840779,
"MEX","GFCFSECTOR","CORP","PC_GFCF","A","2019",61.6972929504811,
"MEX","GFCFSECTOR","CORP","PC_GFCF","A","2020",62.1503459378734,
"MEX","GFCFSECTOR","CORP","PC_GFCF","A","2021",64.7047249201975,
"MEX","GFCFSECTOR","CORP","PC_GFCF","A","2022",62.5866754232773,
"SWE","GFCFSECTOR","CORP","PC_GFCF","A","1970",57.8428175444318,
"SWE","GFCFSECTOR","CORP","PC_GFCF","A","1971",58.3913217547137,
"SWE","GFCFSECTOR","CORP","PC_GFCF","A","1972",57.7366162186582,
"SWE","GFCFSECTOR","CORP","PC_GFCF","A","1973",58.6436338348717,
"SWE","GFCFSECTOR","CORP","PC_GFCF","A","1974",59.8943841916984,
"SWE","GFCFSECTOR","CORP","PC_GFCF","A","1975",60.2484548673221,
"SWE","GFCFSECTOR","CORP","PC_GFCF","A","1976",61.2441642565452,
"SWE","GFCFSECTOR","CORP","PC_GFCF","A","1977",59.9037626411365,
"SWE","GFCFSECTOR","CORP","PC_GFCF","A","1978",57.2572775668338,
"SWE","GFCFSECTOR","CORP","PC_GFCF","A","1979",58.5685099312485,
"SWE","GFCFSECTOR","CORP","PC_GFCF","A","1980",56.5669163445991,
"SWE","GFCFSECTOR","CORP","PC_GFCF","A","1981",57.3723942101254,
"SWE","GFCFSECTOR","CORP","PC_GFCF","A","1982",60.5961966763748,
"SWE","GFCFSECTOR","CORP","PC_GFCF","A","1983",62.5120643581204,
"SWE","GFCFSECTOR","CORP","PC_GFCF","A","1984",64.2701482473199,
"SWE","GFCFSECTOR","CORP","PC_GFCF","A","1985",67.5663367017254,
"SWE","GFCFSECTOR","CORP","PC_GFCF","A","1986",68.4135316063606,
"SWE","GFCFSECTOR","CORP","PC_GFCF","A","1987",69.9821916268003,
"SWE","GFCFSECTOR","CORP","PC_GFCF","A","1988",69.6781036118018,
"SWE","GFCFSECTOR","CORP","PC_GFCF","A","1989",70.0667480929116,
"SWE","GFCFSECTOR","CORP","PC_GFCF","A","1990",70.2979334847318,
"SWE","GFCFSECTOR","CORP","PC_GFCF","A","1991",67.222213858067,
"SWE","GFCFSECTOR","CORP","PC_GFCF","A","1992",67.1361554506898,
"SWE","GFCFSECTOR","CORP","PC_GFCF","A","1993",63.2090307512651,
"SWE","GFCFSECTOR","CORP","PC_GFCF","A","1994",63.1604834789999,
"SWE","GFCFSECTOR","CORP","PC_GFCF","A","1995",66.2407861100692,
"SWE","GFCFSECTOR","CORP","PC_GFCF","A","1996",67.8157928642345,
"SWE","GFCFSECTOR","CORP","PC_GFCF","A","1997",70.1036592066225,
"SWE","GFCFSECTOR","CORP","PC_GFCF","A","1998",70.7044673539519,
"SWE","GFCFSECTOR","CORP","PC_GFCF","A","1999",70.401742944419,
"SWE","GFCFSECTOR","CORP","PC_GFCF","A","2000",73.1398190467307,
"SWE","GFCFSECTOR","CORP","PC_GFCF","A","2001",72.3895999605525,
"SWE","GFCFSECTOR","CORP","PC_GFCF","A","2002",69.2504363001745,
"SWE","GFCFSECTOR","CORP","PC_GFCF","A","2003",68.2465823650034,
"SWE","GFCFSECTOR","CORP","PC_GFCF","A","2004",67.7726932169016,
"SWE","GFCFSECTOR","CORP","PC_GFCF","A","2005",68.3669710245973,
"SWE","GFCFSECTOR","CORP","PC_GFCF","A","2006",68.5270787595291,
"SWE","GFCFSECTOR","CORP","PC_GFCF","A","2007",68.9006896861143,
"SWE","GFCFSECTOR","CORP","PC_GFCF","A","2008",69.7814189382796,
"SWE","GFCFSECTOR","CORP","PC_GFCF","A","2009",67.5295886528597,
"SWE","GFCFSECTOR","CORP","PC_GFCF","A","2010",66.1481150609733,
"SWE","GFCFSECTOR","CORP","PC_GFCF","A","2011",68.0642228278572,
"SWE","GFCFSECTOR","CORP","PC_GFCF","A","2012",69.1221440907824,
"SWE","GFCFSECTOR","CORP","PC_GFCF","A","2013",68.8298716692094,
"SWE","GFCFSECTOR","CORP","PC_GFCF","A","2014",69.9743382392582,
"SWE","GFCFSECTOR","CORP","PC_GFCF","A","2015",69.6173350408297,
"SWE","GFCFSECTOR","CORP","PC_GFCF","A","2016",68.0963268849717,
"SWE","GFCFSECTOR","CORP","PC_GFCF","A","2017",67.2232419795181,
"SWE","GFCFSECTOR","CORP","PC_GFCF","A","2018",67.1568990335184,
"SWE","GFCFSECTOR","CORP","PC_GFCF","A","2019",66.8336848937206,
"SWE","GFCFSECTOR","CORP","PC_GFCF","A","2020",66.0187315876648,
"SWE","GFCFSECTOR","CORP","PC_GFCF","A","2021",67.2683997205349,
"SWE","GFCFSECTOR","CORP","PC_GFCF","A","2022",68.0030796675981,
"GRC","GFCFSECTOR","CORP","PC_GFCF","A","1995",28.0198628970114,
"GRC","GFCFSECTOR","CORP","PC_GFCF","A","1996",28.7967186277279,
"GRC","GFCFSECTOR","CORP","PC_GFCF","A","1997",32.1712681803866,
"GRC","GFCFSECTOR","CORP","PC_GFCF","A","1998",30.0454652550049,
"GRC","GFCFSECTOR","CORP","PC_GFCF","A","1999",30.0187443411771,
"GRC","GFCFSECTOR","CORP","PC_GFCF","A","2000",30.733283082468,
"GRC","GFCFSECTOR","CORP","PC_GFCF","A","2001",33.4167881913063,
"GRC","GFCFSECTOR","CORP","PC_GFCF","A","2002",34.2930569680569,
"GRC","GFCFSECTOR","CORP","PC_GFCF","A","2003",31.133093398082,
"GRC","GFCFSECTOR","CORP","PC_GFCF","A","2004",27.1718713183928,
"GRC","GFCFSECTOR","CORP","PC_GFCF","A","2005",27.8112848179967,
"GRC","GFCFSECTOR","CORP","PC_GFCF","A","2006",25.4036626948583,
"GRC","GFCFSECTOR","CORP","PC_GFCF","A","2007",30.1218882239784,
"GRC","GFCFSECTOR","CORP","PC_GFCF","A","2008",32.1541536400008,
"GRC","GFCFSECTOR","CORP","PC_GFCF","A","2009",29.567848346365,
"GRC","GFCFSECTOR","CORP","PC_GFCF","A","2010",38.7796178486817,"B"
"GRC","GFCFSECTOR","CORP","PC_GFCF","A","2011",37.9870676588231,
"GRC","GFCFSECTOR","CORP","PC_GFCF","A","2012",41.1891912641075,
"GRC","GFCFSECTOR","CORP","PC_GFCF","A","2013",40.3692686150146,
"GRC","GFCFSECTOR","CORP","PC_GFCF","A","2014",46.3012498307129,
"GRC","GFCFSECTOR","CORP","PC_GFCF","A","2015",47.2365628765646,
"GRC","GFCFSECTOR","CORP","PC_GFCF","A","2016",50.8964010756682,
"GRC","GFCFSECTOR","CORP","PC_GFCF","A","2017",46.4688803450565,
"GRC","GFCFSECTOR","CORP","PC_GFCF","A","2018",56.5724374637668,
"GRC","GFCFSECTOR","CORP","PC_GFCF","A","2019",60.3034686125931,
"GRC","GFCFSECTOR","CORP","PC_GFCF","A","2020",56.36136523381,"E"
"GRC","GFCFSECTOR","CORP","PC_GFCF","A","2021",54.4187121155034,"E"
"GRC","GFCFSECTOR","CORP","PC_GFCF","A","2022",54.1917693752605,"E"
"DNK","GFCFSECTOR","CORP","PC_GFCF","A","1995",60.365711681273,
"DNK","GFCFSECTOR","CORP","PC_GFCF","A","1996",57.8366290680994,
"DNK","GFCFSECTOR","CORP","PC_GFCF","A","1997",58.6891732720787,
"DNK","GFCFSECTOR","CORP","PC_GFCF","A","1998",62.0282908215129,
"DNK","GFCFSECTOR","CORP","PC_GFCF","A","1999",60.4670324381557,
"DNK","GFCFSECTOR","CORP","PC_GFCF","A","2000",59.2353540981194,
"DNK","GFCFSECTOR","CORP","PC_GFCF","A","2001",59.6151015979821,
"DNK","GFCFSECTOR","CORP","PC_GFCF","A","2002",60.3085221514095,
"DNK","GFCFSECTOR","CORP","PC_GFCF","A","2003",58.5348303121396,
"DNK","GFCFSECTOR","CORP","PC_GFCF","A","2004",57.9495534753086,
"DNK","GFCFSECTOR","CORP","PC_GFCF","A","2005",55.6327165089367,
"DNK","GFCFSECTOR","CORP","PC_GFCF","A","2006",54.3092350603308,
"DNK","GFCFSECTOR","CORP","PC_GFCF","A","2007",54.899697208349,
"DNK","GFCFSECTOR","CORP","PC_GFCF","A","2008",57.0630175961522,
"DNK","GFCFSECTOR","CORP","PC_GFCF","A","2009",60.4018575619643,
"DNK","GFCFSECTOR","CORP","PC_GFCF","A","2010",57.3931864949318,
"DNK","GFCFSECTOR","CORP","PC_GFCF","A","2011",57.4046684717136,
"DNK","GFCFSECTOR","CORP","PC_GFCF","A","2012",58.1736632962191,
"DNK","GFCFSECTOR","CORP","PC_GFCF","A","2013",60.5989392084863,
"DNK","GFCFSECTOR","CORP","PC_GFCF","A","2014",60.3367714610814,
"DNK","GFCFSECTOR","CORP","PC_GFCF","A","2015",61.9370160552161,
"DNK","GFCFSECTOR","CORP","PC_GFCF","A","2016",63.3179288837942,
"DNK","GFCFSECTOR","CORP","PC_GFCF","A","2017",63.9593014387577,
"DNK","GFCFSECTOR","CORP","PC_GFCF","A","2018",63.9537567531685,
"DNK","GFCFSECTOR","CORP","PC_GFCF","A","2019",63.6561431100481,
"DNK","GFCFSECTOR","CORP","PC_GFCF","A","2020",62.2130487705285,
"DNK","GFCFSECTOR","CORP","PC_GFCF","A","2021",62.5679741702586,
"DNK","GFCFSECTOR","CORP","PC_GFCF","A","2022",62.2462024792113,
"KOR","GFCFSECTOR","CORP","PC_GFCF","A","1975",58.9474784062413,
"KOR","GFCFSECTOR","CORP","PC_GFCF","A","1976",57.711846653399,
"KOR","GFCFSECTOR","CORP","PC_GFCF","A","1977",63.3133381028379,
"KOR","GFCFSECTOR","CORP","PC_GFCF","A","1978",59.6948573867274,
"KOR","GFCFSECTOR","CORP","PC_GFCF","A","1979",61.2887631597794,
"KOR","GFCFSECTOR","CORP","PC_GFCF","A","1980",56.6382320509679,
"KOR","GFCFSECTOR","CORP","PC_GFCF","A","1981",61.1059511762341,
"KOR","GFCFSECTOR","CORP","PC_GFCF","A","1982",64.2482265752185,
"KOR","GFCFSECTOR","CORP","PC_GFCF","A","1983",61.5474555960392,
"KOR","GFCFSECTOR","CORP","PC_GFCF","A","1984",59.5368320063046,
"KOR","GFCFSECTOR","CORP","PC_GFCF","A","1985",61.4899402685416,
"KOR","GFCFSECTOR","CORP","PC_GFCF","A","1986",58.270314182116,
"KOR","GFCFSECTOR","CORP","PC_GFCF","A","1987",60.2622865251929,
"KOR","GFCFSECTOR","CORP","PC_GFCF","A","1988",58.6680290756562,
"KOR","GFCFSECTOR","CORP","PC_GFCF","A","1989",59.4850355768432,
"KOR","GFCFSECTOR","CORP","PC_GFCF","A","1990",63.8851937922376,
"KOR","GFCFSECTOR","CORP","PC_GFCF","A","1991",62.8174637195661,
"KOR","GFCFSECTOR","CORP","PC_GFCF","A","1992",62.1198918517898,
"KOR","GFCFSECTOR","CORP","PC_GFCF","A","1993",61.0817370728822,
"KOR","GFCFSECTOR","CORP","PC_GFCF","A","1994",65.161720893189,
"KOR","GFCFSECTOR","CORP","PC_GFCF","A","1995",65.4573433316338,
"KOR","GFCFSECTOR","CORP","PC_GFCF","A","1996",65.2372055067514,
"KOR","GFCFSECTOR","CORP","PC_GFCF","A","1997",64.2105933269224,
"KOR","GFCFSECTOR","CORP","PC_GFCF","A","1998",59.7124143305196,
"KOR","GFCFSECTOR","CORP","PC_GFCF","A","1999",57.9509453532814,
"KOR","GFCFSECTOR","CORP","PC_GFCF","A","2000",63.734810539254,
"KOR","GFCFSECTOR","CORP","PC_GFCF","A","2001",63.1638568269539,
"KOR","GFCFSECTOR","CORP","PC_GFCF","A","2002",64.3058784248026,
"KOR","GFCFSECTOR","CORP","PC_GFCF","A","2003",63.1569940774609,
"KOR","GFCFSECTOR","CORP","PC_GFCF","A","2004",61.8177774277791,
"KOR","GFCFSECTOR","CORP","PC_GFCF","A","2005",64.5185622064984,
"KOR","GFCFSECTOR","CORP","PC_GFCF","A","2006",66.3026704721852,
"KOR","GFCFSECTOR","CORP","PC_GFCF","A","2007",67.1826375689918,
"KOR","GFCFSECTOR","CORP","PC_GFCF","A","2008",67.9147024747072,
"KOR","GFCFSECTOR","CORP","PC_GFCF","A","2009",65.6341064969287,
"KOR","GFCFSECTOR","CORP","PC_GFCF","A","2010",69.4177808672092,
"KOR","GFCFSECTOR","CORP","PC_GFCF","A","2011",70.9708689647795,
"KOR","GFCFSECTOR","CORP","PC_GFCF","A","2012",71.6078050100819,
"KOR","GFCFSECTOR","CORP","PC_GFCF","A","2013",69.2997013476002,
"KOR","GFCFSECTOR","CORP","PC_GFCF","A","2014",69.4378644163891,
"KOR","GFCFSECTOR","CORP","PC_GFCF","A","2015",67.7900514696726,
"KOR","GFCFSECTOR","CORP","PC_GFCF","A","2016",65.4553910225942,
"KOR","GFCFSECTOR","CORP","PC_GFCF","A","2017",65.5545642207743,
"KOR","GFCFSECTOR","CORP","PC_GFCF","A","2018",64.9241259604792,
"KOR","GFCFSECTOR","CORP","PC_GFCF","A","2019",64.131615412103,
"KOR","GFCFSECTOR","CORP","PC_GFCF","A","2020",64.9275468726233,
"KOR","GFCFSECTOR","CORP","PC_GFCF","A","2021",66.0586287651936,
"NZL","GFCFSECTOR","CORP","PC_GFCF","A","1998",63.8284309261452,
"NZL","GFCFSECTOR","CORP","PC_GFCF","A","1999",62.7921999273285,
"NZL","GFCFSECTOR","CORP","PC_GFCF","A","2000",67.6391723696322,
"NZL","GFCFSECTOR","CORP","PC_GFCF","A","2001",66.9547295342783,
"NZL","GFCFSECTOR","CORP","PC_GFCF","A","2002",65.0784016186141,
"NZL","GFCFSECTOR","CORP","PC_GFCF","A","2003",62.2548873746541,
"NZL","GFCFSECTOR","CORP","PC_GFCF","A","2004",62.7020384173546,
"NZL","GFCFSECTOR","CORP","PC_GFCF","A","2005",64.0525793650794,
"NZL","GFCFSECTOR","CORP","PC_GFCF","A","2006",62.8464455898084,
"NZL","GFCFSECTOR","CORP","PC_GFCF","A","2007",64.0672954143238,
"NZL","GFCFSECTOR","CORP","PC_GFCF","A","2008",64.2501628058424,
"NZL","GFCFSECTOR","CORP","PC_GFCF","A","2009",61.9113220062248,
"NZL","GFCFSECTOR","CORP","PC_GFCF","A","2010",61.3888750560231,
"NZL","GFCFSECTOR","CORP","PC_GFCF","A","2011",66.034186828431,
"NZL","GFCFSECTOR","CORP","PC_GFCF","A","2012",63.0546018385203,
"NZL","GFCFSECTOR","CORP","PC_GFCF","A","2013",60.4962869045463,
"NZL","GFCFSECTOR","CORP","PC_GFCF","A","2014",60.8617528419509,
"NZL","GFCFSECTOR","CORP","PC_GFCF","A","2015",60.3360567288423,
"NZL","GFCFSECTOR","CORP","PC_GFCF","A","2016",59.4856619690678,
"NZL","GFCFSECTOR","CORP","PC_GFCF","A","2017",58.9393439178847,
"NZL","GFCFSECTOR","CORP","PC_GFCF","A","2018",60.4009397895205,
"NZL","GFCFSECTOR","CORP","PC_GFCF","A","2019",59.5542786351595,
"NZL","GFCFSECTOR","CORP","PC_GFCF","A","2020",56.5893213243354,
"NZL","GFCFSECTOR","CORP","PC_GFCF","A","2021",57.7874998590549,"E"
"GBR","GFCFSECTOR","CORP","PC_GFCF","A","1995",66.6480617337634,
"GBR","GFCFSECTOR","CORP","PC_GFCF","A","1996",68.6271268493701,
"GBR","GFCFSECTOR","CORP","PC_GFCF","A","1997",69.9143638984583,
"GBR","GFCFSECTOR","CORP","PC_GFCF","A","1998",70.4865630065986,
"GBR","GFCFSECTOR","CORP","PC_GFCF","A","1999",69.8207700695331,
"GBR","GFCFSECTOR","CORP","PC_GFCF","A","2000",69.4629075123574,
"GBR","GFCFSECTOR","CORP","PC_GFCF","A","2001",68.0846983383901,
"GBR","GFCFSECTOR","CORP","PC_GFCF","A","2002",64.7757955869674,
"GBR","GFCFSECTOR","CORP","PC_GFCF","A","2003",62.7782013578768,
"GBR","GFCFSECTOR","CORP","PC_GFCF","A","2004",58.4979690007657,
"GBR","GFCFSECTOR","CORP","PC_GFCF","A","2005",64.3616264656276,
"GBR","GFCFSECTOR","CORP","PC_GFCF","A","2006",58.5484626903776,
"GBR","GFCFSECTOR","CORP","PC_GFCF","A","2007",59.8324688019522,
"GBR","GFCFSECTOR","CORP","PC_GFCF","A","2008",58.7786042410365,
"GBR","GFCFSECTOR","CORP","PC_GFCF","A","2009",56.2838907817074,
"GBR","GFCFSECTOR","CORP","PC_GFCF","A","2010",55.8926013395795,
"GBR","GFCFSECTOR","CORP","PC_GFCF","A","2011",57.456167215374,
"GBR","GFCFSECTOR","CORP","PC_GFCF","A","2012",59.7520915194857,
"GBR","GFCFSECTOR","CORP","PC_GFCF","A","2013",59.8567732137081,
"GBR","GFCFSECTOR","CORP","PC_GFCF","A","2014",58.5954863248472,
"GBR","GFCFSECTOR","CORP","PC_GFCF","A","2015",59.7396785925586,
"GBR","GFCFSECTOR","CORP","PC_GFCF","A","2016",60.7012860275601,
"GBR","GFCFSECTOR","CORP","PC_GFCF","A","2017",58.8078797511657,
"GBR","GFCFSECTOR","CORP","PC_GFCF","A","2018",58.2615587983187,
"GBR","GFCFSECTOR","CORP","PC_GFCF","A","2019",59.0288935419501,
"GBR","GFCFSECTOR","CORP","PC_GFCF","A","2020",57.3782001044932,
"GBR","GFCFSECTOR","CORP","PC_GFCF","A","2021",57.34052747699,
"GBR","GFCFSECTOR","CORP","PC_GFCF","A","2022",57.17166268247,
"CHN","GFCFSECTOR","CORP","PC_GFCF","A","1992",74.5997995819902,
"CHN","GFCFSECTOR","CORP","PC_GFCF","A","1993",77.0503046912556,
"CHN","GFCFSECTOR","CORP","PC_GFCF","A","1994",77.6238506838153,
"CHN","GFCFSECTOR","CORP","PC_GFCF","A","1995",75.6759926090459,
"CHN","GFCFSECTOR","CORP","PC_GFCF","A","1996",74.8697446393468,
"CHN","GFCFSECTOR","CORP","PC_GFCF","A","1997",72.9770145319443,
"CHN","GFCFSECTOR","CORP","PC_GFCF","A","1998",71.9376404424835,
"CHN","GFCFSECTOR","CORP","PC_GFCF","A","1999",71.0568743677163,
"CHN","GFCFSECTOR","CORP","PC_GFCF","A","2000",69.4293635906296,
"CHN","GFCFSECTOR","CORP","PC_GFCF","A","2001",68.7178371719961,
"CHN","GFCFSECTOR","CORP","PC_GFCF","A","2002",68.3766071521017,
"CHN","GFCFSECTOR","CORP","PC_GFCF","A","2003",65.9376375964972,
"CHN","GFCFSECTOR","CORP","PC_GFCF","A","2004",65.5164369163598,
"CHN","GFCFSECTOR","CORP","PC_GFCF","A","2005",58.9886316840426,
"CHN","GFCFSECTOR","CORP","PC_GFCF","A","2006",59.0124793254381,
"CHN","GFCFSECTOR","CORP","PC_GFCF","A","2007",54.8087248225996,
"CHN","GFCFSECTOR","CORP","PC_GFCF","A","2008",63.7327992471434,
"CHN","GFCFSECTOR","CORP","PC_GFCF","A","2009",54.1126014639622,
"CHN","GFCFSECTOR","CORP","PC_GFCF","A","2010",55.1311164090233,
"CHN","GFCFSECTOR","CORP","PC_GFCF","A","2011",58.0158108783791,
"CHN","GFCFSECTOR","CORP","PC_GFCF","A","2012",58.5597883353934,
"CHN","GFCFSECTOR","CORP","PC_GFCF","A","2013",54.9884755101232,
"CHN","GFCFSECTOR","CORP","PC_GFCF","A","2014",55.4374831970399,
"CHN","GFCFSECTOR","CORP","PC_GFCF","A","2015",56.0823919036244,
"CHN","GFCFSECTOR","CORP","PC_GFCF","A","2016",56.0378107895485,
"CHN","GFCFSECTOR","CORP","PC_GFCF","A","2017",58.1703365270572,
"CHN","GFCFSECTOR","CORP","PC_GFCF","A","2018",59.9085765394001,
"CHN","GFCFSECTOR","CORP","PC_GFCF","A","2019",61.8335155012956,
"ESP","GFCFSECTOR","CORP","PC_GFCF","A","1995",55.6438019315049,
"ESP","GFCFSECTOR","CORP","PC_GFCF","A","1996",57.0113014053708,
"ESP","GFCFSECTOR","CORP","PC_GFCF","A","1997",58.0694564091854,
"ESP","GFCFSECTOR","CORP","PC_GFCF","A","1998",58.4181367208327,
"ESP","GFCFSECTOR","CORP","PC_GFCF","A","1999",58.6722504276057,
"ESP","GFCFSECTOR","CORP","PC_GFCF","A","2000",56.5810613002654,
"ESP","GFCFSECTOR","CORP","PC_GFCF","A","2001",55.191347203387,
"ESP","GFCFSECTOR","CORP","PC_GFCF","A","2002",52.8352316489077,
"ESP","GFCFSECTOR","CORP","PC_GFCF","A","2003",51.9804234532182,
"ESP","GFCFSECTOR","CORP","PC_GFCF","A","2004",52.0739448259125,
"ESP","GFCFSECTOR","CORP","PC_GFCF","A","2005",51.4189287134675,
"ESP","GFCFSECTOR","CORP","PC_GFCF","A","2006",52.5676711310758,
"ESP","GFCFSECTOR","CORP","PC_GFCF","A","2007",51.8849243414908,
"ESP","GFCFSECTOR","CORP","PC_GFCF","A","2008",52.0800888437044,
"ESP","GFCFSECTOR","CORP","PC_GFCF","A","2009",47.7158058708098,
"ESP","GFCFSECTOR","CORP","PC_GFCF","A","2010",49.7497133469101,
"ESP","GFCFSECTOR","CORP","PC_GFCF","A","2011",55.727660293731,
"ESP","GFCFSECTOR","CORP","PC_GFCF","A","2012",60.7941875438394,
"ESP","GFCFSECTOR","CORP","PC_GFCF","A","2013",68.3056872037915,
"ESP","GFCFSECTOR","CORP","PC_GFCF","A","2014",71.162575266327,
"ESP","GFCFSECTOR","CORP","PC_GFCF","A","2015",69.6088027116968,
"ESP","GFCFSECTOR","CORP","PC_GFCF","A","2016",72.8565144365352,
"ESP","GFCFSECTOR","CORP","PC_GFCF","A","2017",72.2203271071119,
"ESP","GFCFSECTOR","CORP","PC_GFCF","A","2018",71.7781500538471,
"ESP","GFCFSECTOR","CORP","PC_GFCF","A","2019",71.8342939134756,
"ESP","GFCFSECTOR","CORP","PC_GFCF","A","2020",69.2060630458754,
"ESP","GFCFSECTOR","CORP","PC_GFCF","A","2021",64.8816282675848,
"ESP","GFCFSECTOR","CORP","PC_GFCF","A","2022",64.369797639747,
"LUX","GFCFSECTOR","CORP","PC_GFCF","A","1995",55.6086363072341,
"LUX","GFCFSECTOR","CORP","PC_GFCF","A","1996",56.7275355941792,
"LUX","GFCFSECTOR","CORP","PC_GFCF","A","1997",57.0809813893701,
"LUX","GFCFSECTOR","CORP","PC_GFCF","A","1998",55.0040386669793,
"LUX","GFCFSECTOR","CORP","PC_GFCF","A","1999",62.5493821971926,
"LUX","GFCFSECTOR","CORP","PC_GFCF","A","2000",58.3201501824548,
"LUX","GFCFSECTOR","CORP","PC_GFCF","A","2001",60.9546959634046,
"LUX","GFCFSECTOR","CORP","PC_GFCF","A","2002",58.3277027027027,
"LUX","GFCFSECTOR","CORP","PC_GFCF","A","2003",50.3260515161396,
"LUX","GFCFSECTOR","CORP","PC_GFCF","A","2004",51.6264778571906,
"LUX","GFCFSECTOR","CORP","PC_GFCF","A","2005",52.0030040794033,
"LUX","GFCFSECTOR","CORP","PC_GFCF","A","2006",52.918875502008,
"LUX","GFCFSECTOR","CORP","PC_GFCF","A","2007",51.6739222019379,
"LUX","GFCFSECTOR","CORP","PC_GFCF","A","2008",51.547223187255,
"LUX","GFCFSECTOR","CORP","PC_GFCF","A","2009",48.7280789017423,
"LUX","GFCFSECTOR","CORP","PC_GFCF","A","2010",49.9768709962293,
"LUX","GFCFSECTOR","CORP","PC_GFCF","A","2011",55.2195866604039,
"LUX","GFCFSECTOR","CORP","PC_GFCF","A","2012",58.2957882231636,
"LUX","GFCFSECTOR","CORP","PC_GFCF","A","2013",56.9602649006623,
"LUX","GFCFSECTOR","CORP","PC_GFCF","A","2014",55.1603504420853,
"LUX","GFCFSECTOR","CORP","PC_GFCF","A","2015",50.9181898695007,
"LUX","GFCFSECTOR","CORP","PC_GFCF","A","2016",51.1584581339097,
"LUX","GFCFSECTOR","CORP","PC_GFCF","A","2017",50.7962859293863,
"LUX","GFCFSECTOR","CORP","PC_GFCF","A","2018",48.6403810423232,
"LUX","GFCFSECTOR","CORP","PC_GFCF","A","2019",54.9553939243601,
"LUX","GFCFSECTOR","CORP","PC_GFCF","A","2020",45.8436229273818,
"LUX","GFCFSECTOR","CORP","PC_GFCF","A","2021",52.5393712756901,
"LUX","GFCFSECTOR","CORP","PC_GFCF","A","2022",46.9474924515796,
"BEL","GFCFSECTOR","CORP","PC_GFCF","A","1995",57.7619404571441,
"BEL","GFCFSECTOR","CORP","PC_GFCF","A","1996",61.2745616353864,
"BEL","GFCFSECTOR","CORP","PC_GFCF","A","1997",60.7332600998861,
"BEL","GFCFSECTOR","CORP","PC_GFCF","A","1998",63.2013989492091,
"BEL","GFCFSECTOR","CORP","PC_GFCF","A","1999",62.1723216014537,
"BEL","GFCFSECTOR","CORP","PC_GFCF","A","2000",63.8748899533472,
"BEL","GFCFSECTOR","CORP","PC_GFCF","A","2001",66.585790728441,
"BEL","GFCFSECTOR","CORP","PC_GFCF","A","2002",65.3385601776703,
"BEL","GFCFSECTOR","CORP","PC_GFCF","A","2003",64.6100882010491,
"BEL","GFCFSECTOR","CORP","PC_GFCF","A","2004",65.5708522361584,
"BEL","GFCFSECTOR","CORP","PC_GFCF","A","2005",63.5876037702336,
"BEL","GFCFSECTOR","CORP","PC_GFCF","A","2006",63.191282725939,
"BEL","GFCFSECTOR","CORP","PC_GFCF","A","2007",63.4186748493238,
"BEL","GFCFSECTOR","CORP","PC_GFCF","A","2008",63.8999267981314,
"BEL","GFCFSECTOR","CORP","PC_GFCF","A","2009",63.2283661062982,
"BEL","GFCFSECTOR","CORP","PC_GFCF","A","2010",62.7588756475781,
"BEL","GFCFSECTOR","CORP","PC_GFCF","A","2011",64.714905284378,
"BEL","GFCFSECTOR","CORP","PC_GFCF","A","2012",64.3658159755506,
"BEL","GFCFSECTOR","CORP","PC_GFCF","A","2013",64.8278735853194,
"BEL","GFCFSECTOR","CORP","PC_GFCF","A","2014",63.996614016362,
"BEL","GFCFSECTOR","CORP","PC_GFCF","A","2015",65.3727861852315,
"BEL","GFCFSECTOR","CORP","PC_GFCF","A","2016",66.2134842010424,
"BEL","GFCFSECTOR","CORP","PC_GFCF","A","2017",66.2893215316455,
"BEL","GFCFSECTOR","CORP","PC_GFCF","A","2018",65.7100950253183,
"BEL","GFCFSECTOR","CORP","PC_GFCF","A","2019",65.6797927719674,
"BEL","GFCFSECTOR","CORP","PC_GFCF","A","2020",65.0781074657055,
"BEL","GFCFSECTOR","CORP","PC_GFCF","A","2021",64.6538989196712,
"BEL","GFCFSECTOR","CORP","PC_GFCF","A","2022",65.4834475696217,"E"
"JPN","GFCFSECTOR","CORP","PC_GFCF","A","1994",53.6165093845159,
"JPN","GFCFSECTOR","CORP","PC_GFCF","A","1995",55.5787459997006,
"JPN","GFCFSECTOR","CORP","PC_GFCF","A","1996",55.4175958104706,
"JPN","GFCFSECTOR","CORP","PC_GFCF","A","1997",57.9599895089162,
"JPN","GFCFSECTOR","CORP","PC_GFCF","A","1998",59.1782447264582,
"JPN","GFCFSECTOR","CORP","PC_GFCF","A","1999",57.4606334165667,
"JPN","GFCFSECTOR","CORP","PC_GFCF","A","2000",59.8950861890363,
"JPN","GFCFSECTOR","CORP","PC_GFCF","A","2001",60.2506362220618,
"JPN","GFCFSECTOR","CORP","PC_GFCF","A","2002",59.3573817816414,
"JPN","GFCFSECTOR","CORP","PC_GFCF","A","2003",60.9934394666663,
"JPN","GFCFSECTOR","CORP","PC_GFCF","A","2004",62.5657236670841,
"JPN","GFCFSECTOR","CORP","PC_GFCF","A","2005",64.4543385600074,
"JPN","GFCFSECTOR","CORP","PC_GFCF","A","2006",66.0232136681987,
"JPN","GFCFSECTOR","CORP","PC_GFCF","A","2007",67.5767781076923,
"JPN","GFCFSECTOR","CORP","PC_GFCF","A","2008",67.9405849372479,
"JPN","GFCFSECTOR","CORP","PC_GFCF","A","2009",66.1648380125156,
"JPN","GFCFSECTOR","CORP","PC_GFCF","A","2010",65.7394492139436,
"JPN","GFCFSECTOR","CORP","PC_GFCF","A","2011",66.0980835932476,
"JPN","GFCFSECTOR","CORP","PC_GFCF","A","2012",66.4796341603835,
"JPN","GFCFSECTOR","CORP","PC_GFCF","A","2013",65.3227846479965,
"JPN","GFCFSECTOR","CORP","PC_GFCF","A","2014",66.2308074140896,
"JPN","GFCFSECTOR","CORP","PC_GFCF","A","2015",68.1055714546219,
"JPN","GFCFSECTOR","CORP","PC_GFCF","A","2016",67.6625733371715,
"JPN","GFCFSECTOR","CORP","PC_GFCF","A","2017",68.0130490517964,
"JPN","GFCFSECTOR","CORP","PC_GFCF","A","2018",69.0936237984187,
"JPN","GFCFSECTOR","CORP","PC_GFCF","A","2019",68.0393341317466,
"JPN","GFCFSECTOR","CORP","PC_GFCF","A","2020",67.2137487541809,
"JPN","GFCFSECTOR","CORP","PC_GFCF","A","2021",67.2470504899789,
"SVN","GFCFSECTOR","CORP","PC_GFCF","A","1995",57.0139487049493,
"SVN","GFCFSECTOR","CORP","PC_GFCF","A","1996",57.5958595421599,
"SVN","GFCFSECTOR","CORP","PC_GFCF","A","1997",60.3022537252937,
"SVN","GFCFSECTOR","CORP","PC_GFCF","A","1998",61.2019670829662,
"SVN","GFCFSECTOR","CORP","PC_GFCF","A","1999",61.5812288769597,
"SVN","GFCFSECTOR","CORP","PC_GFCF","A","2000",64.235969927244,
"SVN","GFCFSECTOR","CORP","PC_GFCF","A","2001",62.3945911317104,
"SVN","GFCFSECTOR","CORP","PC_GFCF","A","2002",63.2909128776238,
"SVN","GFCFSECTOR","CORP","PC_GFCF","A","2003",64.0549096456782,
"SVN","GFCFSECTOR","CORP","PC_GFCF","A","2004",63.7018689956872,
"SVN","GFCFSECTOR","CORP","PC_GFCF","A","2005",63.9437405245474,
"SVN","GFCFSECTOR","CORP","PC_GFCF","A","2006",61.8240785525577,
"SVN","GFCFSECTOR","CORP","PC_GFCF","A","2007",62.256321527378,
"SVN","GFCFSECTOR","CORP","PC_GFCF","A","2008",62.1352700826964,
"SVN","GFCFSECTOR","CORP","PC_GFCF","A","2009",58.2221076247904,
"SVN","GFCFSECTOR","CORP","PC_GFCF","A","2010",55.4410774844351,
"SVN","GFCFSECTOR","CORP","PC_GFCF","A","2011",59.5198267443032,
"SVN","GFCFSECTOR","CORP","PC_GFCF","A","2012",59.5824946164146,
"SVN","GFCFSECTOR","CORP","PC_GFCF","A","2013",60.2755382001136,
"SVN","GFCFSECTOR","CORP","PC_GFCF","A","2014",55.1484380065467,
"SVN","GFCFSECTOR","CORP","PC_GFCF","A","2015",55.4343619637277,
"SVN","GFCFSECTOR","CORP","PC_GFCF","A","2016",61.3013480728719,
"SVN","GFCFSECTOR","CORP","PC_GFCF","A","2017",62.6361759316126,
"SVN","GFCFSECTOR","CORP","PC_GFCF","A","2018",60.7765243694125,
"SVN","GFCFSECTOR","CORP","PC_GFCF","A","2019",60.779152511225,
"SVN","GFCFSECTOR","CORP","PC_GFCF","A","2020",58.7853820114765,
"SVN","GFCFSECTOR","CORP","PC_GFCF","A","2021",57.3856772923866,
"SVN","GFCFSECTOR","CORP","PC_GFCF","A","2022",55.8145108615326,
"USA","GFCFSECTOR","CORP","PC_GFCF","A","1970",43.9674584936035,
"USA","GFCFSECTOR","CORP","PC_GFCF","A","1971",42.1749057515672,
"USA","GFCFSECTOR","CORP","PC_GFCF","A","1972",42.1330041445862,
"USA","GFCFSECTOR","CORP","PC_GFCF","A","1973",43.6102264497852,
"USA","GFCFSECTOR","CORP","PC_GFCF","A","1974",46.7057478408788,
"USA","GFCFSECTOR","CORP","PC_GFCF","A","1975",46.4724879110524,
"USA","GFCFSECTOR","CORP","PC_GFCF","A","1976",45.7810041390082,
"USA","GFCFSECTOR","CORP","PC_GFCF","A","1977",45.8441602271352,
"USA","GFCFSECTOR","CORP","PC_GFCF","A","1978",46.8273481452857,
"USA","GFCFSECTOR","CORP","PC_GFCF","A","1979",48.001352823054,
"USA","GFCFSECTOR","CORP","PC_GFCF","A","1980",50.5273285861182,
"USA","GFCFSECTOR","CORP","PC_GFCF","A","1981",51.9332690983084,
"USA","GFCFSECTOR","CORP","PC_GFCF","A","1982",53.0010764840971,
"USA","GFCFSECTOR","CORP","PC_GFCF","A","1983",49.2044823977057,
"USA","GFCFSECTOR","CORP","PC_GFCF","A","1984",49.5438417046305,
"USA","GFCFSECTOR","CORP","PC_GFCF","A","1985",49.3023107779979,
"USA","GFCFSECTOR","CORP","PC_GFCF","A","1986",46.969765293429,
"USA","GFCFSECTOR","CORP","PC_GFCF","A","1987",45.2640591379628,
"USA","GFCFSECTOR","CORP","PC_GFCF","A","1988",45.8380944535037,
"USA","GFCFSECTOR","CORP","PC_GFCF","A","1989",47.3470341565385,
"USA","GFCFSECTOR","CORP","PC_GFCF","A","1990",49.2362113555551,
"USA","GFCFSECTOR","CORP","PC_GFCF","A","1991",49.7119913458063,
"USA","GFCFSECTOR","CORP","PC_GFCF","A","1992",49.321506073393,
"USA","GFCFSECTOR","CORP","PC_GFCF","A","1993",49.6573549431211,
"USA","GFCFSECTOR","CORP","PC_GFCF","A","1994",49.9518489531862,
"USA","GFCFSECTOR","CORP","PC_GFCF","A","1995",51.9972307387954,
"USA","GFCFSECTOR","CORP","PC_GFCF","A","1996",52.3877581319731,
"USA","GFCFSECTOR","CORP","PC_GFCF","A","1997",53.3219512980841,
"USA","GFCFSECTOR","CORP","PC_GFCF","A","1998",52.9894874211916,
"USA","GFCFSECTOR","CORP","PC_GFCF","A","1999",52.9517955541893,
"USA","GFCFSECTOR","CORP","PC_GFCF","A","2000",53.4555699948645,
"USA","GFCFSECTOR","CORP","PC_GFCF","A","2001",51.4949762808858,
"USA","GFCFSECTOR","CORP","PC_GFCF","A","2002",47.3150900124862,
"USA","GFCFSECTOR","CORP","PC_GFCF","A","2003",45.7831856647105,
"USA","GFCFSECTOR","CORP","PC_GFCF","A","2004",44.6991485297515,
"USA","GFCFSECTOR","CORP","PC_GFCF","A","2005",44.8598275380167,
"USA","GFCFSECTOR","CORP","PC_GFCF","A","2006",46.523709649492,
"USA","GFCFSECTOR","CORP","PC_GFCF","A","2007",49.489303911434,
"USA","GFCFSECTOR","CORP","PC_GFCF","A","2008",51.8487814494048,
"USA","GFCFSECTOR","CORP","PC_GFCF","A","2009",50.3518693857127,
"USA","GFCFSECTOR","CORP","PC_GFCF","A","2010",51.9251663312883,
"USA","GFCFSECTOR","CORP","PC_GFCF","A","2011",54.1350337360668,
"USA","GFCFSECTOR","CORP","PC_GFCF","A","2012",55.3389717917981,
"USA","GFCFSECTOR","CORP","PC_GFCF","A","2013",55.0300641462273,
"USA","GFCFSECTOR","CORP","PC_GFCF","A","2014",55.8580993390343,
"USA","GFCFSECTOR","CORP","PC_GFCF","A","2015",54.9301724396977,
"USA","GFCFSECTOR","CORP","PC_GFCF","A","2016",53.4449460481446,
"USA","GFCFSECTOR","CORP","PC_GFCF","A","2017",53.1802012897061,
"USA","GFCFSECTOR","CORP","PC_GFCF","A","2018",53.8140406630969,
"USA","GFCFSECTOR","CORP","PC_GFCF","A","2019",54.0629457579825,
"USA","GFCFSECTOR","CORP","PC_GFCF","A","2020",51.4047477503482,
"USA","GFCFSECTOR","CORP","PC_GFCF","A","2021",50.7695657772225,
"SVK","GFCFSECTOR","CORP","PC_GFCF","A","1995",77.1147729267935,
"SVK","GFCFSECTOR","CORP","PC_GFCF","A","1996",75.1800181780334,
"SVK","GFCFSECTOR","CORP","PC_GFCF","A","1997",72.4179368439998,
"SVK","GFCFSECTOR","CORP","PC_GFCF","A","1998",73.8984703349078,
"SVK","GFCFSECTOR","CORP","PC_GFCF","A","1999",70.2340689856601,
"SVK","GFCFSECTOR","CORP","PC_GFCF","A","2000",64.9259400567241,
"SVK","GFCFSECTOR","CORP","PC_GFCF","A","2001",70.6600327394456,
"SVK","GFCFSECTOR","CORP","PC_GFCF","A","2002",67.1673439320468,
"SVK","GFCFSECTOR","CORP","PC_GFCF","A","2003",70.2175275558763,
"SVK","GFCFSECTOR","CORP","PC_GFCF","A","2004",71.279228793913,
"SVK","GFCFSECTOR","CORP","PC_GFCF","A","2005",69.9274703025585,
"SVK","GFCFSECTOR","CORP","PC_GFCF","A","2006",70.4176520080153,
"SVK","GFCFSECTOR","CORP","PC_GFCF","A","2007",72.5525624025303,
"SVK","GFCFSECTOR","CORP","PC_GFCF","A","2008",70.1380115793374,
"SVK","GFCFSECTOR","CORP","PC_GFCF","A","2009",60.2947202118579,
"SVK","GFCFSECTOR","CORP","PC_GFCF","A","2010",64.0594872241959,
"SVK","GFCFSECTOR","CORP","PC_GFCF","A","2011",65.8770106483827,
"SVK","GFCFSECTOR","CORP","PC_GFCF","A","2012",64.4769815653473,
"SVK","GFCFSECTOR","CORP","PC_GFCF","A","2013",63.0990904283156,
"SVK","GFCFSECTOR","CORP","PC_GFCF","A","2014",61.5554209898459,
"SVK","GFCFSECTOR","CORP","PC_GFCF","A","2015",57.9362824881766,
"SVK","GFCFSECTOR","CORP","PC_GFCF","A","2016",64.4952398872947,
"SVK","GFCFSECTOR","CORP","PC_GFCF","A","2017",64.7544120214714,
"SVK","GFCFSECTOR","CORP","PC_GFCF","A","2018",61.831455455487,
"SVK","GFCFSECTOR","CORP","PC_GFCF","A","2019",63.5743274392562,
"SVK","GFCFSECTOR","CORP","PC_GFCF","A","2020",59.2684813868603,
"SVK","GFCFSECTOR","CORP","PC_GFCF","A","2021",59.4799010025738,
"SVK","GFCFSECTOR","CORP","PC_GFCF","A","2022",60.2275291094043,
"NOR","GFCFSECTOR","CORP","PC_GFCF","A","1978",51.672171758877,
"NOR","GFCFSECTOR","CORP","PC_GFCF","A","1979",54.310618066561,
"NOR","GFCFSECTOR","CORP","PC_GFCF","A","1980",52.6467540658648,
"NOR","GFCFSECTOR","CORP","PC_GFCF","A","1981",55.7615069678787,
"NOR","GFCFSECTOR","CORP","PC_GFCF","A","1982",56.8899596710836,
"NOR","GFCFSECTOR","CORP","PC_GFCF","A","1983",60.2441164247564,
"NOR","GFCFSECTOR","CORP","PC_GFCF","A","1984",61.178074329172,
"NOR","GFCFSECTOR","CORP","PC_GFCF","A","1985",60.3753053975815,
"NOR","GFCFSECTOR","CORP","PC_GFCF","A","1986",59.7106982015569,
"NOR","GFCFSECTOR","CORP","PC_GFCF","A","1987",57.7560701207804,
"NOR","GFCFSECTOR","CORP","PC_GFCF","A","1988",57.8093285702687,
"NOR","GFCFSECTOR","CORP","PC_GFCF","A","1989",58.9542669147248,
"NOR","GFCFSECTOR","CORP","PC_GFCF","A","1990",58.1711255555361,
"NOR","GFCFSECTOR","CORP","PC_GFCF","A","1991",58.6523745511892,
"NOR","GFCFSECTOR","CORP","PC_GFCF","A","1992",58.1562623340972,
"NOR","GFCFSECTOR","CORP","PC_GFCF","A","1993",62.7202827522241,
"NOR","GFCFSECTOR","CORP","PC_GFCF","A","1994",61.2476614079484,
"NOR","GFCFSECTOR","CORP","PC_GFCF","A","1995",60.7710859710976,
"NOR","GFCFSECTOR","CORP","PC_GFCF","A","1996",61.4511959331755,
"NOR","GFCFSECTOR","CORP","PC_GFCF","A","1997",62.5907283191405,
"NOR","GFCFSECTOR","CORP","PC_GFCF","A","1998",65.0097269956553,
"NOR","GFCFSECTOR","CORP","PC_GFCF","A","1999",62.619103733881,
"NOR","GFCFSECTOR","CORP","PC_GFCF","A","2000",61.6576305220884,
"NOR","GFCFSECTOR","CORP","PC_GFCF","A","2001",59.600710981921,
"NOR","GFCFSECTOR","CORP","PC_GFCF","A","2002",58.3339103711837,
"NOR","GFCFSECTOR","CORP","PC_GFCF","A","2003",56.2360092155357,
"NOR","GFCFSECTOR","CORP","PC_GFCF","A","2004",55.5138756855054,
"NOR","GFCFSECTOR","CORP","PC_GFCF","A","2005",57.9713505499737,
"NOR","GFCFSECTOR","CORP","PC_GFCF","A","2006",58.8408100674769,
"NOR","GFCFSECTOR","CORP","PC_GFCF","A","2007",60.9135737449453,
"NOR","GFCFSECTOR","CORP","PC_GFCF","A","2008",62.2046509576848,
"NOR","GFCFSECTOR","CORP","PC_GFCF","A","2009",60.39049900242,
"NOR","GFCFSECTOR","CORP","PC_GFCF","A","2010",58.3321554507447,
"NOR","GFCFSECTOR","CORP","PC_GFCF","A","2011",57.9467624917404,
"NOR","GFCFSECTOR","CORP","PC_GFCF","A","2012",58.9833223872567,
"NOR","GFCFSECTOR","CORP","PC_GFCF","A","2013",57.6981449437876,
"NOR","GFCFSECTOR","CORP","PC_GFCF","A","2014",57.2336273056774,
"NOR","GFCFSECTOR","CORP","PC_GFCF","A","2015",55.0496475516063,
"NOR","GFCFSECTOR","CORP","PC_GFCF","A","2016",53.2725349370927,
"NOR","GFCFSECTOR","CORP","PC_GFCF","A","2017",51.4507293182734,
"NOR","GFCFSECTOR","CORP","PC_GFCF","A","2018",52.2103859325606,
"NOR","GFCFSECTOR","CORP","PC_GFCF","A","2019",55.0362829548421,
"NOR","GFCFSECTOR","CORP","PC_GFCF","A","2020",54.2970317045666,
"NOR","GFCFSECTOR","CORP","PC_GFCF","A","2021",53.5315733219983,
"DEU","GFCFSECTOR","CORP","PC_GFCF","A","1995",52.2130263491288,
"DEU","GFCFSECTOR","CORP","PC_GFCF","A","1996",53.0944168953219,
"DEU","GFCFSECTOR","CORP","PC_GFCF","A","1997",54.0983717270769,
"DEU","GFCFSECTOR","CORP","PC_GFCF","A","1998",55.1122259674427,
"DEU","GFCFSECTOR","CORP","PC_GFCF","A","1999",56.139075234416,
"DEU","GFCFSECTOR","CORP","PC_GFCF","A","2000",58.2982223662672,
"DEU","GFCFSECTOR","CORP","PC_GFCF","A","2001",58.8504459567993,
"DEU","GFCFSECTOR","CORP","PC_GFCF","A","2002",58.0900789281507,
"DEU","GFCFSECTOR","CORP","PC_GFCF","A","2003",58.0931602790362,
"DEU","GFCFSECTOR","CORP","PC_GFCF","A","2004",59.2390574573203,
"DEU","GFCFSECTOR","CORP","PC_GFCF","A","2005",59.9602780081277,
"DEU","GFCFSECTOR","CORP","PC_GFCF","A","2006",59.5903157850164,
"DEU","GFCFSECTOR","CORP","PC_GFCF","A","2007",60.5025103575938,
"DEU","GFCFSECTOR","CORP","PC_GFCF","A","2008",60.7942160061739,
"DEU","GFCFSECTOR","CORP","PC_GFCF","A","2009",57.7963720630178,
"DEU","GFCFSECTOR","CORP","PC_GFCF","A","2010",58.2115462897188,
"DEU","GFCFSECTOR","CORP","PC_GFCF","A","2011",57.9926043510035,
"DEU","GFCFSECTOR","CORP","PC_GFCF","A","2012",57.8658019599302,
"DEU","GFCFSECTOR","CORP","PC_GFCF","A","2013",57.5762287756926,
"DEU","GFCFSECTOR","CORP","PC_GFCF","A","2014",58.4502228699513,
"DEU","GFCFSECTOR","CORP","PC_GFCF","A","2015",59.427303758773,
"DEU","GFCFSECTOR","CORP","PC_GFCF","A","2016",58.8987252848111,
"DEU","GFCFSECTOR","CORP","PC_GFCF","A","2017",59.5858900305304,
"DEU","GFCFSECTOR","CORP","PC_GFCF","A","2018",59.3279534628508,
"DEU","GFCFSECTOR","CORP","PC_GFCF","A","2019",59.3866679269997,"E"
"DEU","GFCFSECTOR","CORP","PC_GFCF","A","2020",56.8976851776079,"E"
"DEU","GFCFSECTOR","CORP","PC_GFCF","A","2021",56.3898366898249,"E"
"DEU","GFCFSECTOR","CORP","PC_GFCF","A","2022",56.3806800795147,"E"
"AUT","GFCFSECTOR","CORP","PC_GFCF","A","1995",54.4422162738024,
"AUT","GFCFSECTOR","CORP","PC_GFCF","A","1996",56.3995437620936,
"AUT","GFCFSECTOR","CORP","PC_GFCF","A","1997",58.8043149721194,
"AUT","GFCFSECTOR","CORP","PC_GFCF","A","1998",60.2048794338721,
"AUT","GFCFSECTOR","CORP","PC_GFCF","A","1999",60.9163594053412,
"AUT","GFCFSECTOR","CORP","PC_GFCF","A","2000",63.8856697899035,
"AUT","GFCFSECTOR","CORP","PC_GFCF","A","2001",65.0467788774532,
"AUT","GFCFSECTOR","CORP","PC_GFCF","A","2002",63.746319263909,
"AUT","GFCFSECTOR","CORP","PC_GFCF","A","2003",66.4759015129424,
"AUT","GFCFSECTOR","CORP","PC_GFCF","A","2004",66.3711922985434,
"AUT","GFCFSECTOR","CORP","PC_GFCF","A","2005",63.8289081214348,
"AUT","GFCFSECTOR","CORP","PC_GFCF","A","2006",63.8941754886801,
"AUT","GFCFSECTOR","CORP","PC_GFCF","A","2007",64.0211249967348,
"AUT","GFCFSECTOR","CORP","PC_GFCF","A","2008",63.1950030273161,
"AUT","GFCFSECTOR","CORP","PC_GFCF","A","2009",61.549304283039,
"AUT","GFCFSECTOR","CORP","PC_GFCF","A","2010",60.4140585878818,
"AUT","GFCFSECTOR","CORP","PC_GFCF","A","2011",62.9809789471268,
"AUT","GFCFSECTOR","CORP","PC_GFCF","A","2012",63.7482039607774,
"AUT","GFCFSECTOR","CORP","PC_GFCF","A","2013",63.9120402628448,
"AUT","GFCFSECTOR","CORP","PC_GFCF","A","2014",64.5245169400485,
"AUT","GFCFSECTOR","CORP","PC_GFCF","A","2015",64.7256513492829,
"AUT","GFCFSECTOR","CORP","PC_GFCF","A","2016",65.4930975782803,
"AUT","GFCFSECTOR","CORP","PC_GFCF","A","2017",64.671474469148,
"AUT","GFCFSECTOR","CORP","PC_GFCF","A","2018",65.4089147850479,
"AUT","GFCFSECTOR","CORP","PC_GFCF","A","2019",65.7389627557435,
"AUT","GFCFSECTOR","CORP","PC_GFCF","A","2020",64.0382298965106,
"AUT","GFCFSECTOR","CORP","PC_GFCF","A","2021",62.2396410581752,
"AUT","GFCFSECTOR","CORP","PC_GFCF","A","2022",62.0980615735462,
"EST","GFCFSECTOR","CORP","PC_GFCF","A","1995",66.6578773895847,
"EST","GFCFSECTOR","CORP","PC_GFCF","A","1996",67.9702422841058,
"EST","GFCFSECTOR","CORP","PC_GFCF","A","1997",69.5648849124417,
"EST","GFCFSECTOR","CORP","PC_GFCF","A","1998",71.2945004066821,
"EST","GFCFSECTOR","CORP","PC_GFCF","A","1999",68.9990004283878,
"EST","GFCFSECTOR","CORP","PC_GFCF","A","2000",71.8353469734685,
"EST","GFCFSECTOR","CORP","PC_GFCF","A","2001",70.0161736317629,
"EST","GFCFSECTOR","CORP","PC_GFCF","A","2002",67.2899150876312,
"EST","GFCFSECTOR","CORP","PC_GFCF","A","2003",69.5175591705648,
"EST","GFCFSECTOR","CORP","PC_GFCF","A","2004",69.3438658713526,
"EST","GFCFSECTOR","CORP","PC_GFCF","A","2005",65.882447621858,
"EST","GFCFSECTOR","CORP","PC_GFCF","A","2006",61.0025233307967,
"EST","GFCFSECTOR","CORP","PC_GFCF","A","2007",61.32015412967,
"EST","GFCFSECTOR","CORP","PC_GFCF","A","2008",62.9211528424797,
"EST","GFCFSECTOR","CORP","PC_GFCF","A","2009",55.5961184436332,
"EST","GFCFSECTOR","CORP","PC_GFCF","A","2010",60.7373330777586,
"EST","GFCFSECTOR","CORP","PC_GFCF","A","2011",67.3382436260623,
"EST","GFCFSECTOR","CORP","PC_GFCF","A","2012",65.1237387974105,
"EST","GFCFSECTOR","CORP","PC_GFCF","A","2013",65.0152569035119,
"EST","GFCFSECTOR","CORP","PC_GFCF","A","2014",63.6874430860442,
"EST","GFCFSECTOR","CORP","PC_GFCF","A","2015",60.1009201543485,
"EST","GFCFSECTOR","CORP","PC_GFCF","A","2016",60.978731413514,
"EST","GFCFSECTOR","CORP","PC_GFCF","A","2017",58.3313097955417,
"EST","GFCFSECTOR","CORP","PC_GFCF","A","2018",62.1308512303773,
"EST","GFCFSECTOR","CORP","PC_GFCF","A","2019",62.4011929426358,
"EST","GFCFSECTOR","CORP","PC_GFCF","A","2020",61.5770416401625,
"EST","GFCFSECTOR","CORP","PC_GFCF","A","2021",62.6337964643631,
"EST","GFCFSECTOR","CORP","PC_GFCF","A","2022",61.4026943841768,
"EA","GFCFSECTOR","CORP","PC_GFCF","A","2002",55.6505991293784,
"EA","GFCFSECTOR","CORP","PC_GFCF","A","2003",54.2274935136277,
"EA","GFCFSECTOR","CORP","PC_GFCF","A","2004",54.2046175288483,
"EA","GFCFSECTOR","CORP","PC_GFCF","A","2005",53.9755465739673,
"EA","GFCFSECTOR","CORP","PC_GFCF","A","2006",53.986752781949,
"EA","GFCFSECTOR","CORP","PC_GFCF","A","2007",54.6778348648147,
"EA","GFCFSECTOR","CORP","PC_GFCF","A","2008",55.0855628984596,
"EA","GFCFSECTOR","CORP","PC_GFCF","A","2009",53.1025513656519,
"EA","GFCFSECTOR","CORP","PC_GFCF","A","2010",54.4348238633576,
"EA","GFCFSECTOR","CORP","PC_GFCF","A","2011",56.5076382551227,
"EA","GFCFSECTOR","CORP","PC_GFCF","A","2012",57.5907380665762,
"EA","GFCFSECTOR","CORP","PC_GFCF","A","2013",58.4491261103756,
"EA","GFCFSECTOR","CORP","PC_GFCF","A","2014",59.6237885999629,
"EA","GFCFSECTOR","CORP","PC_GFCF","A","2015",61.2084505689837,
"EA","GFCFSECTOR","CORP","PC_GFCF","A","2016",61.7748828204921,
"EA","GFCFSECTOR","CORP","PC_GFCF","A","2017",62.0732634593465,
"EA","GFCFSECTOR","CORP","PC_GFCF","A","2018",61.8728616149564,
"EA","GFCFSECTOR","CORP","PC_GFCF","A","2019",63.3547338211038,
"EA","GFCFSECTOR","CORP","PC_GFCF","A","2020",61.3604985935638,
"EA","GFCFSECTOR","CORP","PC_GFCF","A","2021",59.296133872818,
"EA","GFCFSECTOR","CORP","PC_GFCF","A","2022",59.7853654701094,
"EU","GFCFSECTOR","CORP","PC_GFCF","A","2002",56.7081896141294,
"EU","GFCFSECTOR","CORP","PC_GFCF","A","2003",55.2008117071669,
"EU","GFCFSECTOR","CORP","PC_GFCF","A","2004",55.287722883775,
"EU","GFCFSECTOR","CORP","PC_GFCF","A","2005",55.191941138496,
"EU","GFCFSECTOR","CORP","PC_GFCF","A","2006",55.2168842426458,
"EU","GFCFSECTOR","CORP","PC_GFCF","A","2007",55.8410210356767,
"EU","GFCFSECTOR","CORP","PC_GFCF","A","2008",56.3382801416054,
"EU","GFCFSECTOR","CORP","PC_GFCF","A","2009",54.2378505429671,
"EU","GFCFSECTOR","CORP","PC_GFCF","A","2010",55.0680281173797,
"EU","GFCFSECTOR","CORP","PC_GFCF","A","2011",57.0912765813303,
"EU","GFCFSECTOR","CORP","PC_GFCF","A","2012",58.2467798920808,
"EU","GFCFSECTOR","CORP","PC_GFCF","A","2013",59.1824694443573,
"EU","GFCFSECTOR","CORP","PC_GFCF","A","2014",60.1442015116965,
"EU","GFCFSECTOR","CORP","PC_GFCF","A","2015",61.4684409734698,
"EU","GFCFSECTOR","CORP","PC_GFCF","A","2016",62.2625494455484,
"EU","GFCFSECTOR","CORP","PC_GFCF","A","2017",62.3851734723643,
"EU","GFCFSECTOR","CORP","PC_GFCF","A","2018",62.1547176458503,
"EU","GFCFSECTOR","CORP","PC_GFCF","A","2019",63.3215507469492,
"EU","GFCFSECTOR","CORP","PC_GFCF","A","2020",61.4072039822098,
"EU","GFCFSECTOR","CORP","PC_GFCF","A","2021",59.1672112907153,
"EU","GFCFSECTOR","CORP","PC_GFCF","A","2022",59.6160086002629,
"BRA","GFCFSECTOR","CORP","PC_GFCF","A","2000",50.4042006224286,
"BRA","GFCFSECTOR","CORP","PC_GFCF","A","2001",52.6305584892574,
"BRA","GFCFSECTOR","CORP","PC_GFCF","A","2002",50.425622228346,
"BRA","GFCFSECTOR","CORP","PC_GFCF","A","2003",52.3900268945494,
"BRA","GFCFSECTOR","CORP","PC_GFCF","A","2004",54.2598426590588,
"BRA","GFCFSECTOR","CORP","PC_GFCF","A","2005",55.8387056461512,
"BRA","GFCFSECTOR","CORP","PC_GFCF","A","2006",55.4984719365206,
"BRA","GFCFSECTOR","CORP","PC_GFCF","A","2007",57.004840870197,
"BRA","GFCFSECTOR","CORP","PC_GFCF","A","2008",59.0145125025699,
"BRA","GFCFSECTOR","CORP","PC_GFCF","A","2009",54.3977080013764,
"BRA","GFCFSECTOR","CORP","PC_GFCF","A","2010",54.726635636998,
"BRA","GFCFSECTOR","CORP","PC_GFCF","A","2011",56.3372645458003,
"BRA","GFCFSECTOR","CORP","PC_GFCF","A","2012",54.5922643514527,
"BRA","GFCFSECTOR","CORP","PC_GFCF","A","2013",54.4816600654383,
"BRA","GFCFSECTOR","CORP","PC_GFCF","A","2014",52.2503750697678,
"BRA","GFCFSECTOR","CORP","PC_GFCF","A","2015",51.9563828961555,
"BRA","GFCFSECTOR","CORP","PC_GFCF","A","2016",49.8586724560785,
"BRA","GFCFSECTOR","CORP","PC_GFCF","A","2017",50.9966321748808,
"BRA","GFCFSECTOR","CORP","PC_GFCF","A","2018",53.4923572619488,
"BRA","GFCFSECTOR","CORP","PC_GFCF","A","2019",55.1963155569746,
"BRA","GFCFSECTOR","CORP","PC_GFCF","A","2020",56.3811916424581,
"LVA","GFCFSECTOR","CORP","PC_GFCF","A","1995",73.3824446455526,
"LVA","GFCFSECTOR","CORP","PC_GFCF","A","1996",76.0320863842001,
"LVA","GFCFSECTOR","CORP","PC_GFCF","A","1997",79.4300358833538,
"LVA","GFCFSECTOR","CORP","PC_GFCF","A","1998",83.4206597024499,
"LVA","GFCFSECTOR","CORP","PC_GFCF","A","1999",81.881021545856,
"LVA","GFCFSECTOR","CORP","PC_GFCF","A","2000",82.2424208866754,
"LVA","GFCFSECTOR","CORP","PC_GFCF","A","2001",85.157095301653,
"LVA","GFCFSECTOR","CORP","PC_GFCF","A","2002",83.9603683216736,
"LVA","GFCFSECTOR","CORP","PC_GFCF","A","2003",76.6230803578042,
"LVA","GFCFSECTOR","CORP","PC_GFCF","A","2004",73.0910680087644,
"LVA","GFCFSECTOR","CORP","PC_GFCF","A","2005",70.8920441512273,
"LVA","GFCFSECTOR","CORP","PC_GFCF","A","2006",65.7025360376938,
"LVA","GFCFSECTOR","CORP","PC_GFCF","A","2007",62.2582729179147,
"LVA","GFCFSECTOR","CORP","PC_GFCF","A","2008",61.83622676373,
"LVA","GFCFSECTOR","CORP","PC_GFCF","A","2009",63.4164448921771,
"LVA","GFCFSECTOR","CORP","PC_GFCF","A","2010",61.9737805446034,
"LVA","GFCFSECTOR","CORP","PC_GFCF","A","2011",63.2994947867226,
"LVA","GFCFSECTOR","CORP","PC_GFCF","A","2012",65.4556431826148,
"LVA","GFCFSECTOR","CORP","PC_GFCF","A","2013",69.3484351964284,
"LVA","GFCFSECTOR","CORP","PC_GFCF","A","2014",66.1347985530256,
"LVA","GFCFSECTOR","CORP","PC_GFCF","A","2015",61.4980584329681,
"LVA","GFCFSECTOR","CORP","PC_GFCF","A","2016",65.3276104533061,
"LVA","GFCFSECTOR","CORP","PC_GFCF","A","2017",62.5600938942642,
"LVA","GFCFSECTOR","CORP","PC_GFCF","A","2018",58.2113235613858,
"LVA","GFCFSECTOR","CORP","PC_GFCF","A","2019",60.0859885137805,
"LVA","GFCFSECTOR","CORP","PC_GFCF","A","2020",58.7982694686993,
"LVA","GFCFSECTOR","CORP","PC_GFCF","A","2021",62.2065751924335,
"LVA","GFCFSECTOR","CORP","PC_GFCF","A","2022",69.5052213594227,
"TUR","GFCFSECTOR","CORP","PC_GFCF","A","2009",56.9472304468308,
"TUR","GFCFSECTOR","CORP","PC_GFCF","A","2010",60.6909895782881,
"TUR","GFCFSECTOR","CORP","PC_GFCF","A","2011",60.2843496977857,
"TUR","GFCFSECTOR","CORP","PC_GFCF","A","2012",61.1032956136764,
"TUR","GFCFSECTOR","CORP","PC_GFCF","A","2013",57.2146255592265,
"TUR","GFCFSECTOR","CORP","PC_GFCF","A","2014",58.5052826898187,
"TUR","GFCFSECTOR","CORP","PC_GFCF","A","2015",60.016012390762,
"TUR","GFCFSECTOR","CORP","PC_GFCF","A","2016",59.6245360182018,
"TUR","GFCFSECTOR","CORP","PC_GFCF","A","2017",57.2641401024526,
"COL","GFCFSECTOR","CORP","PC_GFCF","A","2005",66.7480903096452,
"COL","GFCFSECTOR","CORP","PC_GFCF","A","2006",69.0460438501805,
"COL","GFCFSECTOR","CORP","PC_GFCF","A","2007",67.5341416843554,
"COL","GFCFSECTOR","CORP","PC_GFCF","A","2008",67.1572617326273,
"COL","GFCFSECTOR","CORP","PC_GFCF","A","2009",63.7292015142178,
"COL","GFCFSECTOR","CORP","PC_GFCF","A","2010",66.6322012557639,
"COL","GFCFSECTOR","CORP","PC_GFCF","A","2011",63.8032197193065,
"COL","GFCFSECTOR","CORP","PC_GFCF","A","2012",58.4470280750847,
"COL","GFCFSECTOR","CORP","PC_GFCF","A","2013",55.4549272851368,
"COL","GFCFSECTOR","CORP","PC_GFCF","A","2014",57.8095909895117,
"COL","GFCFSECTOR","CORP","PC_GFCF","A","2015",58.3651878040352,
"COL","GFCFSECTOR","CORP","PC_GFCF","A","2016",56.4519335398008,
"COL","GFCFSECTOR","CORP","PC_GFCF","A","2017",57.5523125550132,
"COL","GFCFSECTOR","CORP","PC_GFCF","A","2018",54.4602192792114,
"COL","GFCFSECTOR","CORP","PC_GFCF","A","2019",58.1042902065491,
"COL","GFCFSECTOR","CORP","PC_GFCF","A","2020",61.6827635435481,
"LTU","GFCFSECTOR","CORP","PC_GFCF","A","1995",65.2349797375764,
"LTU","GFCFSECTOR","CORP","PC_GFCF","A","1996",72.7002872955606,
"LTU","GFCFSECTOR","CORP","PC_GFCF","A","1997",73.6211396825022,
"LTU","GFCFSECTOR","CORP","PC_GFCF","A","1998",70.620701313484,
"LTU","GFCFSECTOR","CORP","PC_GFCF","A","1999",72.7522246631028,
"LTU","GFCFSECTOR","CORP","PC_GFCF","A","2000",68.4300069656828,
"LTU","GFCFSECTOR","CORP","PC_GFCF","A","2001",70.508511256983,
"LTU","GFCFSECTOR","CORP","PC_GFCF","A","2002",68.5686283762126,
"LTU","GFCFSECTOR","CORP","PC_GFCF","A","2003",66.4965560005196,
"LTU","GFCFSECTOR","CORP","PC_GFCF","A","2004",65.2534549163088,
"LTU","GFCFSECTOR","CORP","PC_GFCF","A","2005",67.4810569469067,
"LTU","GFCFSECTOR","CORP","PC_GFCF","A","2006",69.4533501840522,
"LTU","GFCFSECTOR","CORP","PC_GFCF","A","2007",68.0083801217598,
"LTU","GFCFSECTOR","CORP","PC_GFCF","A","2008",64.310724632999,
"LTU","GFCFSECTOR","CORP","PC_GFCF","A","2009",55.3819942184639,
"LTU","GFCFSECTOR","CORP","PC_GFCF","A","2010",51.0053526131261,
"LTU","GFCFSECTOR","CORP","PC_GFCF","A","2011",56.3042735213435,
"LTU","GFCFSECTOR","CORP","PC_GFCF","A","2012",59.7326317013167,
"LTU","GFCFSECTOR","CORP","PC_GFCF","A","2013",60.4325496906029,
"LTU","GFCFSECTOR","CORP","PC_GFCF","A","2014",61.4127782287909,
"LTU","GFCFSECTOR","CORP","PC_GFCF","A","2015",59.8152097633284,
"LTU","GFCFSECTOR","CORP","PC_GFCF","A","2016",62.1838716447334,
"LTU","GFCFSECTOR","CORP","PC_GFCF","A","2017",63.8270810946673,
"LTU","GFCFSECTOR","CORP","PC_GFCF","A","2018",64.8450544723294,
"LTU","GFCFSECTOR","CORP","PC_GFCF","A","2019",64.6680388545529,
"LTU","GFCFSECTOR","CORP","PC_GFCF","A","2020",56.930683189839,
"LTU","GFCFSECTOR","CORP","PC_GFCF","A","2021",64.0870790315362,
"LTU","GFCFSECTOR","CORP","PC_GFCF","A","2022",62.1421980300741,
